n,r,m
(:大遗址 {name: 渤海国上京龙泉府遗址}),[:isLocatedin],(:地点 {name: 黑龙江})
(:大遗址 {name: 金上京会宁府遗址}),[:isLocatedin],(:地点 {name: 黑龙江})
(:大遗址 {name: 青龙镇遗址}),[:isLocatedin],(:地点 {name: 上海})
(:大遗址 {name: 鸿山墓群}),[:isLocatedin],(:地点 {name: 江苏})
(:大遗址 {name: 阖闾城遗址}),[:isLocatedin],(:地点 {name: 江苏})
(:大遗址 {name: 徐州汉墓群}),[:isLocatedin],(:地点 {name: 江苏})
(:大遗址 {name: 南朝陵墓群}),[:isLocatedin],(:地点 {name: 江苏})
(:大遗址 {name: 扬州城遗址}),[:isLocatedin],(:地点 {name: 江苏})
(:大遗址 {name: 明故宫遗址}),[:isLocatedin],(:地点 {name: 江苏})
(:大遗址 {name: 上山遗址}),[:isLocatedin],(:地点 {name: 浙江})
(:大遗址 {name: 河姆渡遗址}),[:isLocatedin],(:地点 {name: 浙江})
(:大遗址 {name: 良渚遗址}),[:isLocatedin],(:地点 {name: 浙江})
(:大遗址 {name: 安吉古城遗址}),[:isLocatedin],(:地点 {name: 浙江})
(:大遗址 {name: 上林湖越窑遗址}),[:isLocatedin],(:地点 {name: 浙江})
(:大遗址 {name: 大窑龙泉窑遗址}),[:isLocatedin],(:地点 {name: 浙江})
(:大遗址 {name: 临安城遗址}),[:isLocatedin],(:地点 {name: 浙江})
(:大遗址 {name: 宋六陵}),[:isLocatedin],(:地点 {name: 浙江})
(:大遗址 {name: 凌家滩遗址}),[:isLocatedin],(:地点 {name: 安徽})
(:大遗址 {name: 双墩遗址}),[:isLocatedin],(:地点 {name: 安徽})
(:大遗址 {name: 禹会村遗址}),[:isLocatedin],(:地点 {name: 安徽})
(:大遗址 {name: 寿春城遗址}),[:isLocatedin],(:地点 {name: 安徽})
(:大遗址 {name: 明中都遗址}),[:isLocatedin],(:地点 {name: 安徽})
(:大遗址 {name: 万寿岩遗址}),[:isLocatedin],(:地点 {name: 福建})
(:大遗址 {name: 平潭壳丘头遗址群}),[:isLocatedin],(:地点 {name: 福建})
(:大遗址 {name: 城村汉城遗址}),[:isLocatedin],(:地点 {name: 福建})
(:大遗址 {name: 德化窑遗址}),[:isLocatedin],(:地点 {name: 福建})
(:大遗址 {name: 吴城遗址（含筑卫城遗址）}),[:isLocatedin],(:地点 {name: 江西})
(:大遗址 {name: 紫金城城址与铁河古墓群（南昌汉代海昏侯墓）}),[:isLocatedin],(:地点 {name: 江西})
(:大遗址 {name: 铜岭铜矿遗址}),[:isLocatedin],(:地点 {name: 江西})
(:大遗址 {name: 吉州窑遗址}),[:isLocatedin],(:地点 {name: 江西})
(:大遗址 {name: 御窑厂窑址（含湖田窑址、高岭瓷土矿遗址）}),[:isLocatedin],(:地点 {name: 江西})
(:大遗址 {name: 吉仁台沟口遗址}),[:isLocatedin],(:地点 {name: 新疆})
(:大遗址 {name: 北庭故城遗址}),[:isLocatedin],(:地点 {name: 新疆})
(:大遗址 {name: 苏巴什佛寺遗址}),[:isLocatedin],(:地点 {name: 新疆})
(:大遗址 {name: 交河故城}),[:isLocatedin],(:地点 {name: 新疆})
(:大遗址 {name: 高昌故城}),[:isLocatedin],(:地点 {name: 新疆})
(:大遗址 {name: 达勒特古城遗址}),[:isLocatedin],(:地点 {name: 新疆})
(:大遗址 {name: 卓尔库特古城遗址}),[:isLocatedin],(:地点 {name: 新疆})
(:大遗址 {name: 阔纳协海尔古城遗址}),[:isLocatedin],(:地点 {name: 新疆})
(:大遗址 {name: 坎儿井地下水利工程}),[:isLocatedin],(:地点 {name: 新疆})
(:器物 {name: 兽骨}),[:wasExcavatedin],(:其他遗址 {name: 八里桥遗址})
(:器物 {name: 刻槽小罐}),[:wasExcavatedin],(:其他遗址 {name: 八里桥遗址})
(:器物 {name: 卜骨}),[:wasExcavatedin],(:其他遗址 {name: 八里桥遗址})
(:器物 {name: 玉斧}),[:wasExcavatedin],(:其他遗址 {name: 八里桥遗址})
(:器物 {name: 白陶爵}),[:wasExcavatedin],(:其他遗址 {name: 八里桥遗址})
(),[:excavated],(:器物 {name: 石器})
(),[:excavated],(:器物 {name: 兽骨})
(),[:excavated],(:器物 {name: 鼎})
(),[:excavated],(:器物 {name: 深腹罐})
(),[:excavated],(:器物 {name: 大口尊})
(),[:excavated],(:器物 {name: 圆腹罐})
(),[:excavated],(:器物 {name: 刻槽小罐})
(),[:excavated],(:器物 {name: 豆})
(),[:excavated],(:器物 {name: 爵})
(),[:excavated],(:器物 {name: 盆})
(),[:excavated],(:器物 {name: 瓮})
(),[:excavated],(:器物 {name: 缸})
(),[:excavated],(:器物 {name: 卜骨})
(),[:excavated],(:器物 {name: 石钺})
(),[:excavated],(:器物 {name: 石斧})
(),[:excavated],(:器物 {name: 玉斧})
(),[:excavated],(:器物 {name: 白陶爵})
(:大遗址 {name: 三星堆遗址}),[:isLocatedin],(:地点 {name: 四川})
(:器物 {name: 陶盉}),[:wasExcavatedin],(:大遗址 {name: 三星堆遗址})
(:器物 {name: 陶盉}),[:wasExcavatedin],"(:大遗址 {honoraryTitle: 华夏第一王都、最早的中国, name: 二里头遗址, description: 10个“中国之最”：最早的城市主干道网络、最早的双轮车辙、最早的宫城、最早的中轴线布局的宫室建筑群、最早的多进院落宫室建筑群、最早的国家级祭祀场和祭祀区、最早的青铜器铸造作坊、最早的绿松石器加工作坊、最早的青铜礼器群、最早的青铜兵器。, Title: 二里头遗址, protectionLevel: 全国重点文物保护单位})"
(:大遗址 {name: 周口店遗址}),[:isLocatedin],(:地点 {name: 北京})
(:大遗址 {name: 圆明园遗址}),[:isLocatedin],(:地点 {name: 北京})
(:大遗址 {name: 琉璃河遗址}),[:isLocatedin],(:地点 {name: 北京})
(:大遗址 {name: 泥河湾遗址群}),[:isLocatedin],(:地点 {name: 河北})
(:大遗址 {name: 燕下都遗址}),[:isLocatedin],(:地点 {name: 河北})
(:大遗址 {name: 中山古城遗址}),[:isLocatedin],(:地点 {name: 河北})
(:大遗址 {name: 赵邯郸故城（含赵王陵）}),[:isLocatedin],(:地点 {name: 河北})
(:大遗址 {name: 邺城遗址}),[:isLocatedin],(:地点 {name: 河北})
(:大遗址 {name: 定窑遗址}),[:isLocatedin],(:地点 {name: 河北})
(:大遗址 {name: 元中都遗址}),[:isLocatedin],(:地点 {name: 河北})
(:大遗址 {name: 陶寺遗址}),[:isLocatedin],(:地点 {name: 山西})
(:大遗址 {name: 侯马晋国遗址}),[:isLocatedin],(:地点 {name: 山西})
(:大遗址 {name: 曲村—天马遗址}),[:isLocatedin],(:地点 {name: 山西})
(:大遗址 {name: 晋阳古城遗址}),[:isLocatedin],(:地点 {name: 山西})
(:大遗址 {name: 蒲津渡与蒲州故城遗址}),[:isLocatedin],(:地点 {name: 山西})
(:大遗址 {name: 和林格尔土城子遗址}),[:isLocatedin],(:地点 {name: 内蒙古})
(:大遗址 {name: 居延遗址（含甘肃部分）}),[:isLocatedin],(:地点 {name: 内蒙古})
(:大遗址 {name: 辽上京遗址（含辽陵及奉陵邑）}),[:isLocatedin],(:地点 {name: 内蒙古})
(:大遗址 {name: 元上都遗址}),[:isLocatedin],(:地点 {name: 内蒙古})
(:大遗址 {name: 牛河梁遗址}),[:isLocatedin],(:地点 {name: 辽宁})
(:大遗址 {name: 高句丽遗址（凤凰山山城、五女山山城）}),[:isLocatedin],(:地点 {name: 辽宁})
(:大遗址 {name: 三燕龙城遗址}),[:isLocatedin],(:地点 {name: 辽宁})
(:大遗址 {name: 高句丽遗址（洞沟古墓群、丸都山城、国内城、罗通山城、自安山城、龙潭山城）}),[:isLocatedin],(:地点 {name: 吉林})
(:大遗址 {name: 渤海遗址（渤海中京遗址、八连城遗址、磨盘村山城）}),[:isLocatedin],(:地点 {name: 吉林})
(:大遗址 {name: 辽金捺钵遗址（城四家子城址、春捺钵遗址群）}),[:isLocatedin],(:地点 {name: 吉林})
(:大遗址 {name: 长白山神庙遗址}),[:isLocatedin],(:地点 {name: 吉林})
(:大遗址 {name: 黄泗浦遗址}),[:isLocatedin],(:地点 {name: 江苏})
(:大遗址 {name: 大工山 - 凤凰山铜矿遗址}),[:isLocatedin],(:地点 {name: 安徽})
(:大遗址 {name: 大汶口遗址}),[:isLocatedin],(:地点 {name: 山东})
(:大遗址 {name: 焦家遗址}),[:isLocatedin],(:地点 {name: 山东})
(:大遗址 {name: 两城镇遗址（含尧王城遗址）}),[:isLocatedin],(:地点 {name: 山东})
(:大遗址 {name: 城子崖遗址}),[:isLocatedin],(:地点 {name: 山东})
(:大遗址 {name: 大辛庄遗址}),[:isLocatedin],(:地点 {name: 山东})
(:大遗址 {name: 东平陵故城}),[:isLocatedin],(:地点 {name: 山东})
(:大遗址 {name: 临淄齐国故城}),[:isLocatedin],(:地点 {name: 山东})
(:大遗址 {name: 曲阜鲁国故城}),[:isLocatedin],(:地点 {name: 山东})
(:大遗址 {name: 杨家盐业遗址群}),[:isLocatedin],(:地点 {name: 山东})
(:大遗址 {name: 即墨故城及六曲山墓群（含琅琊台遗址）}),[:isLocatedin],(:地点 {name: 山东})
(:大遗址 {name: 屈家岭遗址}),[:isLocatedin],(:地点 {name: 湖北})
(:大遗址 {name: 石家河遗址}),[:isLocatedin],(:地点 {name: 湖北})
(:大遗址 {name: 盘龙城遗址}),[:isLocatedin],(:地点 {name: 湖北})
(:大遗址 {name: 铜绿山古铜矿遗址}),[:isLocatedin],(:地点 {name: 湖北})
(:大遗址 {name: 楚纪南故城 (含龙湾遗址)}),[:isLocatedin],(:地点 {name: 湖北})
(:大遗址 {name: 擂鼓墩古墓群}),[:isLocatedin],(:地点 {name: 湖北})
(:大遗址 {name: 城头山遗址}),[:isLocatedin],(:地点 {name: 湖南})
(:大遗址 {name: 炭河里遗址}),[:isLocatedin],(:地点 {name: 湖南})
(:大遗址 {name: 铜官窑遗址}),[:isLocatedin],(:地点 {name: 湖南})
(:大遗址 {name: 老司城遗址}),[:isLocatedin],(:地点 {name: 湖南})
(:大遗址 {name: 石峡遗址}),[:isLocatedin],(:地点 {name: 广东})
(:大遗址 {name: 南越国宫署遗址}),[:isLocatedin],(:地点 {name: 广东})
(:大遗址 {name: 笔架山潮州窑遗址}),[:isLocatedin],(:地点 {name: 广东})
(:大遗址 {name: 甑皮岩遗址}),[:isLocatedin],(:地点 {name: 广西})
(:大遗址 {name: 合浦汉墓群与汉城遗址（含草鞋村遗址、大浪古城遗址）}),[:isLocatedin],(:地点 {name: 广西})
(:大遗址 {name: 靖江王陵}),[:isLocatedin],(:地点 {name: 广西})
(:大遗址 {name: 钓鱼城遗址}),[:isLocatedin],(:地点 {name: 重庆})
(:大遗址 {name: 成都平原史前城址}),[:isLocatedin],(:地点 {name: 四川})
(:大遗址 {name: 金沙遗址}),[:isLocatedin],(:地点 {name: 四川})
(:大遗址 {name: 罗家坝遗址}),[:isLocatedin],(:地点 {name: 四川})
(:大遗址 {name: 城坝遗址}),[:isLocatedin],(:地点 {name: 四川})
(:大遗址 {name: 可乐遗址}),[:isLocatedin],(:地点 {name: 贵州})
(:大遗址 {name: 海龙囤遗址}),[:isLocatedin],(:地点 {name: 贵州})
(:大遗址 {name: 太和城遗址}),[:isLocatedin],(:地点 {name: 云南})
(:大遗址 {name: 石寨山古墓群}),[:isLocatedin],(:地点 {name: 云南})
(:大遗址 {name: 古格王国遗址}),[:isLocatedin],(:地点 {name: 西藏})
(:大遗址 {name: 芒康盐井古盐田}),[:isLocatedin],(:地点 {name: 西藏})
(:大遗址 {name: 藏王墓}),[:isLocatedin],(:地点 {name: 西藏})
(:大遗址 {name: 杨官寨遗址}),[:isLocatedin],(:地点 {name: 陕西})
(:大遗址 {name: 石峁遗址}),[:isLocatedin],(:地点 {name: 陕西})
(:大遗址 {name: 周原遗址}),[:isLocatedin],(:地点 {name: 陕西})
(:大遗址 {name: 丰镐遗址}),[:isLocatedin],(:地点 {name: 陕西})
(:大遗址 {name: 秦雍城遗址}),[:isLocatedin],(:地点 {name: 陕西})
(:大遗址 {name: 栎阳城遗址}),[:isLocatedin],(:地点 {name: 陕西})
(:大遗址 {name: 秦咸阳城遗址}),[:isLocatedin],(:地点 {name: 陕西})
(:大遗址 {name: 阿房宫遗址}),[:isLocatedin],(:地点 {name: 陕西})
(:大遗址 {name: 秦始皇陵}),[:isLocatedin],(:地点 {name: 陕西})
(:大遗址 {name: 汉长安城遗址}),[:isLocatedin],(:地点 {name: 陕西})
(:大遗址 {name: 西汉帝陵（含薄太后陵）}),[:isLocatedin],(:地点 {name: 陕西})
(:大遗址 {name: 隋大兴唐长安城遗址（含大明宫遗址）}),[:isLocatedin],(:地点 {name: 陕西})
(:大遗址 {name: 唐代帝陵（含顺陵）}),[:isLocatedin],(:地点 {name: 陕西})
(:大遗址 {name: 统万城遗址}),[:isLocatedin],(:地点 {name: 陕西})
(:大遗址 {name: 黄堡镇耀州窑遗址}),[:isLocatedin],(:地点 {name: 陕西})
(:大遗址 {name: 大地湾遗址}),[:isLocatedin],(:地点 {name: 甘肃})
(:大遗址 {name: 大堡子山遗址}),[:isLocatedin],(:地点 {name: 甘肃})
(:大遗址 {name: 锁阳城遗址}),[:isLocatedin],(:地点 {name: 甘肃})
(:大遗址 {name: 喇家遗址}),[:isLocatedin],(:地点 {name: 青海})
(:大遗址 {name: 热水墓群}),[:isLocatedin],(:地点 {name: 青海})
(:大遗址 {name: 水洞沟遗址}),[:isLocatedin],(:地点 {name: 宁夏})
(:大遗址 {name: 西夏陵}),[:isLocatedin],(:地点 {name: 宁夏})
(:大遗址 {name: 大运河}),[:contains],(:大遗址 {name: 路县故城遗址})
(:大遗址 {name: 大运河}),[:contains],(:大遗址 {name: 大名府故城})
(:大遗址 {name: 大运河}),[:contains],(:大遗址 {name: 大运河南旺枢纽})
(:大遗址 {name: 大运河}),[:contains],(:大遗址 {name: 河道总督署遗址})
(:大遗址 {name: 大运河}),[:contains],(:大遗址 {name: 板闸遗址})
(:大遗址 {name: 大运河}),[:contains],(:大遗址 {name: 回洛仓遗址})
(:大遗址 {name: 大运河}),[:contains],(:大遗址 {name: 含嘉仓遗址})
(:大遗址 {name: 大运河}),[:contains],(:大遗址 {name: 州桥遗址})
(:大遗址 {name: 大运河}),[:contains],(:大遗址 {name: 荥阳故城（含古荥冶铁遗址）})
(:大遗址 {name: 大运河}),[:contains],(:大遗址 {name: 柳孜遗址})
(:大遗址 {name: 秦直道}),[:contains],(:大遗址 {name: 秦直道起点遗址})
(:大遗址 {name: 秦直道}),[:contains],(:大遗址 {name: 秦直道延安段})
(:大遗址 {name: 秦直道}),[:contains],(:大遗址 {name: 秦直道庆阳段})
(:大遗址 {name: 秦直道}),[:contains],(:大遗址 {name: 秦直道东胜段})
(:大遗址 {name: 明清海防}),[:contains],(:大遗址 {name: 大鹏所城})
(:大遗址 {name: 明清海防}),[:contains],(:大遗址 {name: 蒲壮所城})
(:大遗址 {name: 明清海防}),[:contains],(:大遗址 {name: 蓬莱水城})
(:大遗址 {name: 明清海防}),[:contains],(:大遗址 {name: 大沽口炮台})
(:器物 {name: 四期早段陶器}),[:hasType],(:器物 {name: 盆})
(:器物 {name: 四期早段陶器}),[:hasType],(:器物 {name: 缸})
(:器物 {name: 四期早段陶器}),[:hasType],(:器物 {name: 尊})
(:器物 {name: 四期早段陶器}),[:hasType],(:器物 {name: 器盖})
(:器物 {name: 四期早段陶器}),[:hasType],(:器物 {name: 深腹罐})
(:器物 {name: 四期早段陶器}),[:hasType],(:器物 {name: 圆腹罐})
(:器物 {name: 四期晚段陶器}),[:contains],(:器物 {name: 外表有筐状刮痕的夹砂灰褐陶深腹罐})
(:器物 {name: 四期晚段陶器}),[:contains],(:器物 {name: 外表有筐状刮痕的夹砂红褐陶深腹罐})
(:器物 {name: 四期晚段陶器}),[:contains],(:器物 {name: 外表有筐状刮痕的夹砂灰褐陶鬲})
(:器物 {name: 四期晚段陶器}),[:contains],(:器物 {name: 外表有筐状刮痕的夹砂红褐陶鬲})
(:器物 {name: 四期晚段陶器}),[:hasType],(:器物 {name: 外表饰有细绳纹的橄榄形卷沿鬲})
(:器物 {name: 四期晚段陶器}),[:hasType],(:器物 {name: 束颈盆})
(:器物 {name: 四期晚段陶器}),[:hasType],(:器物 {name: 鬲})
(:器物 {name: 四期晚段陶器}),[:hasType],(:器物 {name: 盆})
(:器物 {name: 四期晚段陶器}),[:hasType],(:器物 {name: 缸})
(:器物 {name: 四期晚段陶器}),[:hasType],(:器物 {name: 瓮})
(:器物 {name: 四期晚段陶器}),[:hasType],(:器物 {name: 尊})
(:器物 {name: 四期晚段陶器}),[:hasType],(:器物 {name: 器盖})
(:器物 {name: 四期晚段陶器}),[:hasType],(:器物 {name: 深腹罐})
(:器物 {name: 四期晚段陶器}),[:hasType],(:器物 {name: 圆腹罐})
(:器物 {name: 四期晚段陶器}),[:hasType],(:器物 {name: 捏口罐})
(:器物 {name: 外表饰有细绳纹的橄榄形卷沿鬲}),[:bearsFeature],(:遗产文化 {name: 下七垣文化})
(:器物 {name: 束颈盆}),[:bearsFeature],(:遗产文化 {name: 下七垣文化})
(:器物 {name: 外表有筐状刮痕的夹砂灰褐陶深腹罐}),[:bearsFeature],(:遗产文化 {name: 岳石文化})
(:器物 {name: 外表有筐状刮痕的夹砂红褐陶深腹罐}),[:bearsFeature],(:遗产文化 {name: 岳石文化})
(:器物 {name: 外表饰有细绳纹的橄榄形深腹罐}),[:bearsFeature],(:遗产文化 {name: 下七垣文化})
(:器物 {name: 外表有筐状刮痕的夹砂灰褐陶鬲}),[:bearsFeature],(:遗产文化 {name: 岳石文化})
(:器物 {name: 外表有筐状刮痕的夹砂红褐陶鬲}),[:bearsFeature],(:遗产文化 {name: 岳石文化})
(:遗迹 {name: 手工业作坊遗迹}),[:wasExcavatedin],({name: 二里头遗址})
(:遗迹 {name: 手工业作坊遗迹}),[:wasExcavatedin],"(:大遗址 {honoraryTitle: 华夏第一王都、最早的中国, name: 二里头遗址, description: 10个“中国之最”：最早的城市主干道网络、最早的双轮车辙、最早的宫城、最早的中轴线布局的宫室建筑群、最早的多进院落宫室建筑群、最早的国家级祭祀场和祭祀区、最早的青铜器铸造作坊、最早的绿松石器加工作坊、最早的青铜礼器群、最早的青铜兵器。, Title: 二里头遗址, protectionLevel: 全国重点文物保护单位})"
(:遗迹 {name: 手工业作坊遗迹}),[:contains],(:遗迹 {name: 制陶遗存})
(:遗迹 {name: 手工业作坊遗迹}),[:contains],"(:遗迹 {name: 铸铜作坊, scale: 东西最大跨度约200米，南北最大跨度约为100米，总面积为1.5 - 2.0万平方米左右。})"
(:遗迹 {name: 手工业作坊遗迹}),[:contains],(:遗迹 {name: 制骨作坊})
(:遗迹 {name: 手工业作坊遗迹}),[:contains],(:遗迹 {name: 绿松石器作坊})
(:遗迹 {name: 手工业作坊遗迹}),[:contains],(:遗迹 {name: 围垣作坊区})
(:遗迹 {name: 制陶遗存}),[:contains],(:遗迹 {name: 陶窑Ⅳ Y12})
(:遗迹 {name: 制陶遗存}),[:contains],(:遗迹 {name: 陶窑Ⅸ Y1})
(:遗迹 {name: 制陶遗存}),[:contains],(:遗迹 {name: 陶窑Ⅸ Y2})
(:遗迹 {name: 制陶遗存}),[:contains],(:遗迹 {name: 陶窑Ⅳ Y2})
(:遗迹 {name: 制陶遗存}),[:contains],(:遗迹 {name: 陶窑Ⅳ Y3})
(:遗迹 {name: 制陶遗存}),[:contains],(:遗迹 {name: 陶窑Ⅴ Y1})
({name: 二里头遗址}),[:excavated],(:遗迹 {name: 手工业作坊遗迹})
(:遗迹 {name: 制骨作坊}),[:contains],(:遗迹 {name: 1号制骨作坊})
(:遗迹 {name: 制骨作坊}),[:contains],(:遗迹 {name: 2号制骨作坊})
(:器物 {name: 陶器}),[:wasExcavatedin],(:其他遗址 {name: 八里桥遗址})
(:器物 {name: 陶器}),[:wasExcavatedin],"(:大遗址 {honoraryTitle: 华夏第一王都、最早的中国, name: 二里头遗址, description: 10个“中国之最”：最早的城市主干道网络、最早的双轮车辙、最早的宫城、最早的中轴线布局的宫室建筑群、最早的多进院落宫室建筑群、最早的国家级祭祀场和祭祀区、最早的青铜器铸造作坊、最早的绿松石器加工作坊、最早的青铜礼器群、最早的青铜兵器。, Title: 二里头遗址, protectionLevel: 全国重点文物保护单位})"
(:器物 {name: 陶器}),[:wasExcavatedin],(:器物:时间 {name: 二里岗文化晚期})
(:器物 {name: 陶器}),[:Belongsto],(:遗产文化 {name: 二里头文化})
(:器物 {name: 陶器}),[:bearsFeature],(:图案纹饰 {name: 形制多样、种类丰富})
(:器物 {name: 陶器}),[:bearsFeature],(:图案纹饰 {name: 施加纹饰})
(:器物 {name: 陶器}),[:bearsFeature],(:图案纹饰 {name: 施加麻点})
(:器物 {name: 陶器}),[:bearsFeature],(:图案纹饰 {name: 素面抹光})
(:器物 {name: 陶器}),[:bearsFeature],(:图案纹饰 {name: 素面磨光})
(:器物 {name: 陶器}),[:bearsFeature],(:图案纹饰 {name: 附加銴、耳或乳钉})
(:器物 {name: 陶器}),[:bearsFeature],(:图案纹饰:工艺技法 {name: 镂孔})
(:器物 {name: 陶器}),[:bearsFeature],(:图案纹饰 {name: 刻划符号})
(:器物 {name: 陶器}),[:bearsFeature],(:工艺技法 {name: 制法以轮制为主、兼用模制和手制})
(:器物 {name: 陶器}),[:hasFunction],(:功用 {name: 生活用具})
(:器物 {name: 陶器}),[:hasFunction],(:功用 {name: 其他器具})
(:器物 {name: 陶器}),[:hasType],(:器物 {name: 陶容器})
(:器物 {name: 陶器}),[:hasType],(:器物 {name: 鬲})
(:器物 {name: 陶器}),[:hasType],(:器物 {name: 甗})
(:器物 {name: 陶器}),[:hasType],(:器物 {name: 甑})
(:器物 {name: 陶器}),[:hasType],(:器物 {name: 盆})
(:器物 {name: 陶器}),[:hasType],(:器物 {name: 刻槽盆})
(:器物 {name: 陶器}),[:hasType],(:器物 {name: 缸})
(:器物 {name: 陶器}),[:hasType],(:器物 {name: 瓮})
(:器物 {name: 陶器}),[:hasType],(:器物 {name: 平底盆})
(:器物 {name: 陶器}),[:hasType],(:器物 {name: 高领罐})
(:器物 {name: 陶器}),[:hasType],(:器物 {name: 敛口罐})
(:器物 {name: 陶器}),[:hasType],(:器物 {name: 豆})
(:器物 {name: 陶器}),[:hasType],(:器物 {name: 大口尊})
(:器物 {name: 陶器}),[:hasType],(:器物 {name: 深腹罐})
(:器物 {name: 陶器}),[:hasType],(:器物 {name: 捏口罐})
(:器物 {name: 陶器}),[:hasType],(:器物 {name: 簋})
(:器物 {name: 陶器}),[:carries],(:图案纹饰 {name: 篮纹})
(:器物 {name: 陶器}),[:carries],(:图案纹饰 {name: 方格纹})
(:器物 {name: 陶器}),[:carries],(:图案纹饰 {name: 特殊花纹})
(:器物 {name: 陶器}),[:carries],(:图案纹饰 {name: 绳纹})
(:器物 {name: 陶器}),[:carries],(:图案纹饰 {name: 附加堆纹})
(:器物 {name: 陶器}),[:carries],(:图案纹饰 {name: 凹凸弦纹})
(:器物 {name: 陶器}),[:carries],(:图案纹饰 {name: 刻划纹})
(:器物 {name: 陶器}),[:carries],(:图案纹饰 {name: 指甲纹})
(:器物 {name: 陶器}),[:carries],(:图案纹饰 {name: 戳刺纹})
(:器物 {name: 陶器}),[:carries],(:图案纹饰 {name: 和云纹})
(:器物 {name: 陶器}),[:carries],(:图案纹饰 {name: 雷纹})
(:器物 {name: 陶器}),[:carries],(:图案纹饰 {name: “S”纹})
(:器物 {name: 陶器}),[:carries],(:图案纹饰 {name: 回形纹})
(:器物 {name: 陶器}),[:carries],(:图案纹饰 {name: 花瓣纹})
(:器物 {name: 陶器}),[:carries],(:图案纹饰 {name: 圆圈纹})
(:器物 {name: 陶器}),[:carries],(:图案纹饰 {name: 龙})
(:器物 {name: 陶器}),[:carries],(:图案纹饰 {name: 蛇鸟})
(:器物 {name: 陶器}),[:carries],(:图案纹饰 {name: 鱼})
(:器物 {name: 陶器}),[:carries],(:图案纹饰 {name: 蚪})
(:器物 {name: 陶器}),[:carries],(:图案纹饰 {name: 兽面})
(:器物 {name: 陶器}),[:carries],(:图案纹饰 {name: 云纹})
(:器物 {name: 陶器}),[:UsedGeneralTechnique],(:工艺技法 {name: 泥条盘筑})
(:器物 {name: 陶器}),[:UsedGeneralTechnique],(:工艺技法 {name: 手握制})
(:器物 {name: 陶器}),[:UsedGeneralTechnique],(:工艺技法 {name: 轮制})
(:器物 {name: 陶器}),[:UsedGeneralTechnique],(:工艺技法 {name: 手制})
(:器物 {name: 陶器}),[:UsedGeneralTechnique],(:工艺技法 {name: 轮制与手制兼用})
(:器物 {name: 铜器}),[:wasExcavatedin],"(:大遗址 {honoraryTitle: 华夏第一王都、最早的中国, name: 二里头遗址, description: 10个“中国之最”：最早的城市主干道网络、最早的双轮车辙、最早的宫城、最早的中轴线布局的宫室建筑群、最早的多进院落宫室建筑群、最早的国家级祭祀场和祭祀区、最早的青铜器铸造作坊、最早的绿松石器加工作坊、最早的青铜礼器群、最早的青铜兵器。, Title: 二里头遗址, protectionLevel: 全国重点文物保护单位})"
(:器物 {name: 铜器}),[:Belongsto],(:遗产文化 {name: 二里头文化})
(:器物 {name: 铜器}),[:bearsFeature],(:图案纹饰 {name: 浑铸成形})
(:器物 {name: 铜器}),[:contains],(:器物 {name: 铜铃})
(:器物 {name: 铜器}),[:contains],(:器物 {name: 铜爵})
(:器物 {name: 铜器}),[:contains],(:器物 {name: 兽面铜牌})
(:器物 {name: 铜器}),[:hasType],(:器物 {name: 其他礼仪用器})
(:器物 {name: 铜器}),[:hasType],(:器物 {name: 工具})
(:器物 {name: 铜器}),[:hasType],(:器物 {name: 容器})
(:器物 {name: 铜器}),[:hasType],(:器物:功用 {name: 乐器})
(:器物 {name: 铜器}),[:hasType],(:器物:功用 {name: 武器})
(:器物 {name: 铜器}),[:material],(:质料 {name: 纯铜})
(:器物 {name: 铜器}),[:material],(:质料 {name: 锡青铜})
(:器物 {name: 铜器}),[:material],(:质料 {name: 铅锡青铜})
(:器物 {name: 铜器}),[:material],(:质料 {name: 铅青铜})
(:器物 {name: 铜器}),[:material],(:质料 {name: 砷青铜})
(:器物 {name: 铜器}),[:material],(:质料 {name: 铅锡砷青铜})
(:器物 {name: 铜器}),[:material],(:质料 {name: 砷锡青铜})
(:器物 {name: 铜器}),[:material],(:质料 {name: 铅砷青铜})
(:器物 {name: 铜器}),[:hasAmount],(:数量 {name: 99件})
(:器物 {name: 冶炼遗物}),[:wasExcavatedin],"(:大遗址 {honoraryTitle: 华夏第一王都、最早的中国, name: 二里头遗址, description: 10个“中国之最”：最早的城市主干道网络、最早的双轮车辙、最早的宫城、最早的中轴线布局的宫室建筑群、最早的多进院落宫室建筑群、最早的国家级祭祀场和祭祀区、最早的青铜器铸造作坊、最早的绿松石器加工作坊、最早的青铜礼器群、最早的青铜兵器。, Title: 二里头遗址, protectionLevel: 全国重点文物保护单位})"
(:器物 {name: 玉器}),[:wasExcavatedin],(:遗产文化 {name: 二里头文化})
(:器物 {name: 玉器}),[:wasExcavatedin],"(:大遗址 {honoraryTitle: 华夏第一王都、最早的中国, name: 二里头遗址, description: 10个“中国之最”：最早的城市主干道网络、最早的双轮车辙、最早的宫城、最早的中轴线布局的宫室建筑群、最早的多进院落宫室建筑群、最早的国家级祭祀场和祭祀区、最早的青铜器铸造作坊、最早的绿松石器加工作坊、最早的青铜礼器群、最早的青铜兵器。, Title: 二里头遗址, protectionLevel: 全国重点文物保护单位})"
(:器物 {name: 玉器}),[:Belongsto],(:遗产文化 {name: 二里头文化})
(:器物 {name: 玉器}),[:contains],(:器物 {name: 玉圭})
(:器物 {name: 玉器}),[:contains],(:器物 {name: 玉刀})
(:器物 {name: 玉器}),[:contains],(:器物 {name: 戚壁})
(:器物 {name: 玉器}),[:contains],(:器物 {name: 玉管状器})
(:器物 {name: 玉器}),[:contains],(:器物 {name: 柄形饰})
(:器物 {name: 玉器}),[:hasFunction],(:器物:功用 {name: 装饰品})
(:器物 {name: 玉器}),[:hasType],(:器物:功用 {name: 装饰品})
(:器物 {name: 玉器}),[:hasType],(:器物 {name: 礼器和仪仗})
(:器物 {name: 玉器}),[:hasType],(:器物 {name: 工具和武器})
(:器物 {name: 玉器}),[:hasType],(:器物 {name: 其他})
(:器物 {name: 玉器}),[:UsedGeneralTechnique],(:工艺技法 {name: 锯片切割})
(:器物 {name: 玉器}),[:UsedGeneralTechnique],(:工艺技法 {name: 阴刻})
(:器物 {name: 玉器}),[:UsedGeneralTechnique],(:工艺技法 {name: 钻孔})
(:器物 {name: 玉器}),[:UsedGeneralTechnique],(:工艺技法 {name: 减地})
(:器物 {name: 玉器}),[:UsedGeneralTechnique],(:工艺技法 {name: 打磨})
(:器物 {name: 绿松石器}),[:wasExcavatedin],"(:大遗址 {honoraryTitle: 华夏第一王都、最早的中国, name: 二里头遗址, description: 10个“中国之最”：最早的城市主干道网络、最早的双轮车辙、最早的宫城、最早的中轴线布局的宫室建筑群、最早的多进院落宫室建筑群、最早的国家级祭祀场和祭祀区、最早的青铜器铸造作坊、最早的绿松石器加工作坊、最早的青铜礼器群、最早的青铜兵器。, Title: 二里头遗址, protectionLevel: 全国重点文物保护单位})"
(:器物 {name: 石器}),[:wasExcavatedin],(:其他遗址 {name: 八里桥遗址})
(:器物 {name: 石器}),[:wasExcavatedin],"(:大遗址 {honoraryTitle: 华夏第一王都、最早的中国, name: 二里头遗址, description: 10个“中国之最”：最早的城市主干道网络、最早的双轮车辙、最早的宫城、最早的中轴线布局的宫室建筑群、最早的多进院落宫室建筑群、最早的国家级祭祀场和祭祀区、最早的青铜器铸造作坊、最早的绿松石器加工作坊、最早的青铜礼器群、最早的青铜兵器。, Title: 二里头遗址, protectionLevel: 全国重点文物保护单位})"
(:器物 {name: 石器}),[:hasFunction],(:器物:功用 {name: 装饰品})
(:器物 {name: 石器}),[:hasFunction],(:器物:功用 {name: 武器})
(:器物 {name: 石器}),[:hasFunction],(:功用 {name: 生产与生活工具})
(:器物 {name: 石器}),[:hasFunction],(:功用 {name: 砍伐工具})
(:器物 {name: 石器}),[:hasFunction],(:功用 {name: 挖掘工具})
(:器物 {name: 石器}),[:hasFunction],(:功用 {name: 收割工具})
(:器物 {name: 石器}),[:hasFunction],(:功用 {name: 制作工具})
(:器物 {name: 石器}),[:hasFunction],(:功用 {name: 加工工具})
(:器物 {name: 漆木器}),[:wasExcavatedin],"(:大遗址 {honoraryTitle: 华夏第一王都、最早的中国, name: 二里头遗址, description: 10个“中国之最”：最早的城市主干道网络、最早的双轮车辙、最早的宫城、最早的中轴线布局的宫室建筑群、最早的多进院落宫室建筑群、最早的国家级祭祀场和祭祀区、最早的青铜器铸造作坊、最早的绿松石器加工作坊、最早的青铜礼器群、最早的青铜兵器。, Title: 二里头遗址, protectionLevel: 全国重点文物保护单位})"
(:器物 {name: 漆木器}),[:contains],(:器物 {name: 漆觚})
(:器物 {name: 漆木器}),[:contains],(:器物 {name: 漆豆})
(:器物 {name: 漆木器}),[:contains],(:器物 {name: 漆勺})
(:器物 {name: 漆木器}),[:contains],(:器物 {name: 漆匣})
(:器物 {name: 纺织品}),[:wasExcavatedin],"(:大遗址 {honoraryTitle: 华夏第一王都、最早的中国, name: 二里头遗址, description: 10个“中国之最”：最早的城市主干道网络、最早的双轮车辙、最早的宫城、最早的中轴线布局的宫室建筑群、最早的多进院落宫室建筑群、最早的国家级祭祀场和祭祀区、最早的青铜器铸造作坊、最早的绿松石器加工作坊、最早的青铜礼器群、最早的青铜兵器。, Title: 二里头遗址, protectionLevel: 全国重点文物保护单位})"
(:器物 {name: 骨、角、蚌、牙、贝、螺质遗物}),[:wasExcavatedin],"(:大遗址 {honoraryTitle: 华夏第一王都、最早的中国, name: 二里头遗址, description: 10个“中国之最”：最早的城市主干道网络、最早的双轮车辙、最早的宫城、最早的中轴线布局的宫室建筑群、最早的多进院落宫室建筑群、最早的国家级祭祀场和祭祀区、最早的青铜器铸造作坊、最早的绿松石器加工作坊、最早的青铜礼器群、最早的青铜兵器。, Title: 二里头遗址, protectionLevel: 全国重点文物保护单位})"
(:器物 {name: 骨、角、蚌、牙、贝、螺质遗物}),[:contains],(:器物 {name: 骨镞})
(:器物 {name: 骨、角、蚌、牙、贝、螺质遗物}),[:contains],(:器物 {name: 骨簪})
(:遗产文化 {name: 二里头文化}),[:contains],(:器物 {name: 陶容器})
(:遗产文化 {name: 二里头文化}),[:contains],"(:大遗址 {honoraryTitle: 华夏第一王都、最早的中国, name: 二里头遗址, description: 10个“中国之最”：最早的城市主干道网络、最早的双轮车辙、最早的宫城、最早的中轴线布局的宫室建筑群、最早的多进院落宫室建筑群、最早的国家级祭祀场和祭祀区、最早的青铜器铸造作坊、最早的绿松石器加工作坊、最早的青铜礼器群、最早的青铜兵器。, Title: 二里头遗址, protectionLevel: 全国重点文物保护单位})"
(:遗产文化 {name: 二里头文化}),[:excavated],(:器物 {name: 玉器})
(:遗产文化 {name: 二里头文化}),[:wasNamedby],(:人物 {name: 夏鼐})
(:器物 {name: 陶容器}),[:Belongsto],(:遗产文化 {name: 二里头文化})
(:器物 {name: 陶容器}),[:hasType],(:器物 {name: 鼎})
(:器物 {name: 陶容器}),[:hasType],(:器物 {name: 鬲})
(:器物 {name: 陶容器}),[:hasType],(:器物 {name: 甑})
(:器物 {name: 陶容器}),[:hasType],(:器物 {name: 盆})
(:器物 {name: 陶容器}),[:hasType],(:器物 {name: 刻槽盆})
(:器物 {name: 陶容器}),[:hasType],(:器物 {name: 缸})
(:器物 {name: 陶容器}),[:hasType],(:器物 {name: 瓮})
(:器物 {name: 陶容器}),[:hasType],(:器物 {name: 平底盆})
(:器物 {name: 陶容器}),[:hasType],(:器物 {name: 高领罐})
(:器物 {name: 陶容器}),[:hasType],(:器物 {name: 敛口罐})
(:器物 {name: 陶容器}),[:hasType],(:器物 {name: 器盖})
(:器物 {name: 陶容器}),[:hasType],(:器物 {name: 三足皿})
(:器物 {name: 陶容器}),[:hasType],(:器物 {name: 豆})
(:器物 {name: 陶容器}),[:hasType],(:器物 {name: 鬶})
(:器物 {name: 陶容器}),[:hasType],(:器物 {name: 盉})
(:器物 {name: 陶容器}),[:hasType],(:器物 {name: 爵})
(:器物 {name: 陶容器}),[:hasType],(:器物 {name: 大口尊})
(:器物 {name: 陶容器}),[:hasType],(:器物 {name: 高领尊})
(:器物 {name: 陶容器}),[:hasType],(:器物 {name: 矮领尊})
(:器物 {name: 陶容器}),[:hasType],(:器物 {name: 深腹罐})
(:器物 {name: 陶容器}),[:hasType],(:器物 {name: 圆腹罐})
(:器物 {name: 陶容器}),[:hasType],(:器物 {name: 捏口罐})
(:器物 {name: 陶容器}),[:hasType],(:器物 {name: 觚})
(:器物 {name: 陶容器}),[:hasType],(:器物 {name: 杯})
(:器物 {name: 陶容器}),[:hasType],(:器物 {name: 小尊})
(:质料 {name: 普通易熔黏土}),[:hasType],(:质料 {name: 夹砂})
(:质料 {name: 普通易熔黏土}),[:hasType],(:质料 {name: 泥质})
(:时间 {name: 一期早段}),[:bearsFeature],(:图案纹饰 {name: 泥质陶数量略多于夹砂陶})
(:时间 {name: 一期早段}),[:contains],(:器物 {name: 鼎})
(:时间 {name: 一期早段}),[:contains],(:器物 {name: 刻槽盆})
(:时间 {name: 一期早段}),[:contains],(:器物 {name: 缸})
(:时间 {name: 一期早段}),[:contains],(:器物 {name: 瓮})
(:时间 {name: 一期早段}),[:contains],(:器物 {name: 尊})
(:时间 {name: 一期早段}),[:contains],(:器物 {name: 平底盆})
(:时间 {name: 一期早段}),[:contains],(:器物 {name: 器盖})
(:时间 {name: 一期早段}),[:contains],(:器物 {name: 豆})
(:时间 {name: 一期早段}),[:contains],(:器物 {name: 鬶})
(:时间 {name: 一期早段}),[:contains],(:器物 {name: 盉})
(:时间 {name: 一期早段}),[:contains],(:器物 {name: 爵})
(:时间 {name: 一期早段}),[:contains],(:器物 {name: 矮领尊})
(:时间 {name: 一期早段}),[:contains],(:器物 {name: 深腹罐})
(:时间 {name: 一期早段}),[:contains],(:器物 {name: 圆腹罐})
(:时间 {name: 一期早段}),[:contains],(:器物 {name: 捏口罐})
(:时间 {name: 一期早段}),[:contains],(:器物 {name: 折沿盆})
(:时间 {name: 一期早段}),[:contains],(:器物 {name: 小口尊})
(:时间 {name: 一期晚段}),[:bearsFeature],(:图案纹饰 {name: 夹砂陶与泥质陶数量相当})
(:时间 {name: 一期晚段}),[:contains],(:器物 {name: 鼎})
(:时间 {name: 一期晚段}),[:contains],(:器物 {name: 甑})
(:时间 {name: 一期晚段}),[:contains],(:器物 {name: 刻槽盆})
(:时间 {name: 一期晚段}),[:contains],(:器物 {name: 缸})
(:时间 {name: 一期晚段}),[:contains],(:器物 {name: 尊})
(:时间 {name: 一期晚段}),[:contains],(:器物 {name: 平底盆})
(:时间 {name: 一期晚段}),[:contains],(:器物 {name: 器盖})
(:时间 {name: 一期晚段}),[:contains],(:器物 {name: 三足皿})
(:时间 {name: 一期晚段}),[:contains],(:器物 {name: 豆})
(:时间 {name: 一期晚段}),[:contains],(:器物 {name: 鬶})
(:时间 {name: 一期晚段}),[:contains],(:器物 {name: 盉})
(:时间 {name: 一期晚段}),[:contains],(:器物 {name: 爵})
(:时间 {name: 一期晚段}),[:contains],(:器物 {name: 矮领尊})
(:时间 {name: 一期晚段}),[:contains],(:器物 {name: 壶})
(:时间 {name: 一期晚段}),[:contains],(:器物 {name: 深腹罐})
(:时间 {name: 一期晚段}),[:contains],(:器物 {name: 圆腹罐})
(:时间 {name: 一期晚段}),[:contains],(:器物 {name: 捏口罐})
(:时间 {name: 一期晚段}),[:contains],(:器物 {name: 觚})
(:时间 {name: 一期晚段}),[:contains],(:器物 {name: 圈足盘})
(:时间 {name: 一期晚段}),[:contains],(:器物 {name: 折沿盆})
(:时间 {name: 一期晚段}),[:contains],(:器物 {name: 小口尊})
(:时间 {name: 二期早段}),[:bearsFeature],(:图案纹饰 {name: 泥质陶多于夹砂陶})
(:时间 {name: 二期早段}),[:contains],(:器物 {name: 盆})
(:时间 {name: 二期早段}),[:contains],(:器物 {name: 缸})
(:时间 {name: 二期早段}),[:contains],(:器物 {name: 瓮})
(:时间 {name: 二期早段}),[:contains],(:器物 {name: 尊})
(:时间 {name: 二期早段}),[:contains],(:器物 {name: 平底盆})
(:时间 {name: 二期早段}),[:contains],(:器物 {name: 器盖})
(:时间 {name: 二期早段}),[:contains],(:器物 {name: 豆})
(:时间 {name: 二期早段}),[:contains],(:器物 {name: 深腹罐})
(:时间 {name: 二期早段}),[:contains],(:器物 {name: 圆腹罐})
(:时间 {name: 二期早段}),[:contains],(:器物 {name: 捏口罐})
(:时间 {name: 二期晚段}),[:bearsFeature],(:图案纹饰 {name: 泥质陶多于夹砂陶})
(:时间 {name: 二期晚段}),[:bearsFeature],(:图案纹饰 {name: 篮纹浅而模糊})
(:时间 {name: 二期晚段}),[:contains],(:器物 {name: 甑})
(:时间 {name: 二期晚段}),[:contains],(:器物 {name: 盆})
(:时间 {name: 二期晚段}),[:contains],(:器物 {name: 缸})
(:时间 {name: 二期晚段}),[:contains],(:器物 {name: 尊})
(:时间 {name: 二期晚段}),[:contains],(:器物 {name: 平底盆})
(:时间 {name: 二期晚段}),[:contains],(:器物 {name: 豆})
(:时间 {name: 二期晚段}),[:contains],(:器物 {name: 深腹罐})
(:时间 {name: 二期晚段}),[:contains],(:器物 {name: 圆腹罐})
(:时间 {name: 二期晚段}),[:contains],(:器物 {name: 捏口罐})
(:时间 {name: 三期早段}),[:bearsFeature],(:图案纹饰 {name: 夹砂陶多于泥质陶})
(:时间 {name: 三期早段}),[:contains],(:器物 {name: 盆})
(:时间 {name: 三期早段}),[:contains],(:器物 {name: 缸})
(:时间 {name: 三期早段}),[:contains],(:器物 {name: 尊})
(:时间 {name: 三期早段}),[:contains],(:器物 {name: 器盖})
(:时间 {name: 三期早段}),[:contains],(:器物 {name: 深腹罐})
(:时间 {name: 三期早段}),[:contains],(:器物 {name: 圆腹罐})
(:时间 {name: 三期早段}),[:contains],(:器物 {name: 捏口罐})
(:时间 {name: 三期晚段}),[:bearsFeature],(:图案纹饰 {name: 夹砂陶多于泥质陶})
(:时间 {name: 三期晚段}),[:contains],(:器物 {name: 盆})
(:时间 {name: 三期晚段}),[:contains],(:器物 {name: 缸})
(:时间 {name: 三期晚段}),[:contains],(:器物 {name: 尊})
(:时间 {name: 三期晚段}),[:contains],(:器物 {name: 器盖})
(:时间 {name: 三期晚段}),[:contains],(:器物 {name: 深腹罐})
(:时间 {name: 三期晚段}),[:contains],(:器物 {name: 圆腹罐})
(:时间 {name: 三期晚段}),[:contains],(:器物 {name: 捏口罐})
(:时间 {name: 四期早段}),[:bearsFeature],(:图案纹饰 {name: 夹砂陶多于泥质陶})
(:时间 {name: 四期早段}),[:contains],(:器物 {name: 盆})
(:时间 {name: 四期早段}),[:contains],(:器物 {name: 缸})
(:时间 {name: 四期早段}),[:contains],(:器物 {name: 尊})
(:时间 {name: 四期早段}),[:contains],(:器物 {name: 器盖})
(:时间 {name: 四期早段}),[:contains],(:器物 {name: 深腹罐})
(:时间 {name: 四期早段}),[:contains],(:器物 {name: 圆腹罐})
(:时间 {name: 四期晚段}),[:bearsFeature],(:图案纹饰 {name: 夹砂陶与泥质陶数量相当})
(:时间 {name: 四期晚段}),[:contains],(:器物 {name: 盆})
(:时间 {name: 四期晚段}),[:contains],(:器物 {name: 缸})
(:时间 {name: 四期晚段}),[:contains],(:器物 {name: 瓮})
(:时间 {name: 四期晚段}),[:contains],(:器物 {name: 尊})
(:时间 {name: 四期晚段}),[:contains],(:器物 {name: 器盖})
(:时间 {name: 四期晚段}),[:contains],(:器物 {name: 深腹罐})
(:时间 {name: 四期晚段}),[:contains],(:器物 {name: 圆腹罐})
(:时间 {name: 四期晚段}),[:contains],(:器物 {name: 捏口罐})
(:器物 {name: 罐类}),[:carries],(:图案纹饰 {name: 篮纹})
(:器物 {name: 罐类}),[:carries],(:图案纹饰 {name: 方格纹})
(:器物 {name: 罐类}),[:carries],(:图案纹饰 {name: 绳纹})
(:器物 {name: 鼎}),[:wasExcavatedin],(:其他遗址 {name: 八里桥遗址})
(:器物 {name: 鼎}),[:hasFunction],(:器物:功用 {name: 炊具})
(:器物 {name: 鼎}),[:carries],(:图案纹饰 {name: 篮纹})
(:器物 {name: 鼎}),[:carries],(:图案纹饰 {name: 方格纹})
(:器物 {name: 鼎}),[:carries],(:图案纹饰 {name: 绳纹})
(:器物 {name: 鬲}),[:bearsFeature],(:遗产文化 {name: 岳石文化})
(:器物 {name: 鬲}),[:carries],(:图案纹饰 {name: 篮纹})
(:器物 {name: 鬲}),[:carries],(:图案纹饰 {name: 方格纹})
(:器物 {name: 鬲}),[:carries],(:图案纹饰 {name: 绳纹})
(:器物 {name: 甗}),[:carries],(:图案纹饰 {name: 篮纹})
(:器物 {name: 甗}),[:carries],(:图案纹饰 {name: 方格纹})
(:器物 {name: 甗}),[:carries],(:图案纹饰 {name: 绳纹})
(:器物 {name: 甑}),[:bearsFeature],(:工艺技法 {name: 抹光处理})
(:器物 {name: 甑}),[:hasFunction],(:器物:功用 {name: 炊具})
(:器物 {name: 甑}),[:carries],(:图案纹饰 {name: 篮纹})
(:器物 {name: 甑}),[:carries],(:图案纹饰 {name: 方格纹})
(:器物 {name: 甑}),[:carries],(:图案纹饰 {name: 绳纹})
(:器物 {name: 甑}),[:carries],(:图案纹饰 {name: 麻点})
(:器物 {name: 盆}),[:wasExcavatedin],(:其他遗址 {name: 八里桥遗址})
(:器物 {name: 盆}),[:bearsFeature],(:工艺技法 {name: 抹光处理})
(:器物 {name: 盆}),[:hasFunction],(:器物:功用 {name: 盛储器})
(:器物 {name: 盆}),[:carries],(:图案纹饰 {name: 篮纹})
(:器物 {name: 盆}),[:carries],(:图案纹饰 {name: 方格纹})
(:器物 {name: 盆}),[:carries],(:图案纹饰 {name: 绳纹})
(:器物 {name: 盆}),[:carries],(:图案纹饰 {name: 麻点})
(:器物 {name: 刻槽盆}),[:carries],(:图案纹饰 {name: 篮纹})
(:器物 {name: 刻槽盆}),[:carries],(:图案纹饰 {name: 方格纹})
(:器物 {name: 刻槽盆}),[:carries],(:图案纹饰 {name: 绳纹})
(:器物 {name: 尊类}),[:carries],(:图案纹饰 {name: 篮纹})
(:器物 {name: 尊类}),[:carries],(:图案纹饰 {name: 方格纹})
(:器物 {name: 尊类}),[:carries],(:图案纹饰 {name: 绳纹})
(:器物 {name: 尊类}),[:carries],(:图案纹饰 {name: 凹弦纹})
(:器物 {name: 缸}),[:wasExcavatedin],(:其他遗址 {name: 八里桥遗址})
(:器物 {name: 缸}),[:carries],(:图案纹饰 {name: 篮纹})
(:器物 {name: 缸}),[:carries],(:图案纹饰 {name: 方格纹})
(:器物 {name: 缸}),[:carries],(:图案纹饰 {name: 绳纹})
(:器物 {name: 缸}),[:carries],(:图案纹饰 {name: 附加堆纹})
(:器物 {name: 缸}),[:carries],(:图案纹饰 {name: 凹弦纹})
(:器物 {name: 瓮}),[:wasExcavatedin],(:其他遗址 {name: 八里桥遗址})
(:器物 {name: 瓮}),[:bearsFeature],(:工艺技法 {name: 抹光处理})
(:器物 {name: 瓮}),[:hasFunction],(:器物:功用 {name: 盛储器})
(:器物 {name: 瓮}),[:carries],(:图案纹饰 {name: 篮纹})
(:器物 {name: 瓮}),[:carries],(:图案纹饰 {name: 方格纹})
(:器物 {name: 瓮}),[:carries],(:图案纹饰 {name: 绳纹})
(:器物 {name: 瓮}),[:carries],(:图案纹饰 {name: 附加堆纹})
(:器物 {name: 瓮}),[:carries],(:图案纹饰 {name: 凹弦纹})
(:器物 {name: 瓮}),[:carries],(:图案纹饰 {name: 麻点})
(:图案纹饰 {name: 篮纹}),[:Existin],(:时间 {name: 一、二期})
(:图案纹饰 {name: 方格纹}),[:Existin],(:时间 {name: 一、二期})
(:时间 {name: 一期早段至二期早段}),[:bearsFeature],(:图案纹饰 {name: 篮纹、方格纹深而清晰})
(:时间 {name: 一期}),[:bearsFeature],(:图案纹饰 {name: 绳纹比例略低于篮纹})
(:时间 {name: 一期}),[:date],(:时间 {name: 公元前1750年至公元前1680年})
(:器物 {name: 尊}),[:bearsFeature],(:工艺技法 {name: 抹光处理})
(:器物 {name: 尊}),[:hasFunction],(:器物:功用 {name: 盛储器})
(:器物 {name: 尊}),[:carries],(:图案纹饰 {name: 附加堆纹})
(:器物 {name: 尊}),[:carries],(:图案纹饰 {name: 麻点})
(:器物 {name: 平底盆}),[:bearsFeature],(:工艺技法 {name: 抹光处理})
(:器物 {name: 平底盆}),[:carries],(:图案纹饰 {name: 凹弦纹})
(:器物 {name: 高领罐}),[:carries],(:图案纹饰 {name: 刻划纹})
(:器物 {name: 高领罐}),[:carries],(:图案纹饰 {name: 指甲纹})
(:器物 {name: 高领罐}),[:carries],(:图案纹饰 {name: 凹弦纹})
(:器物 {name: 敛口罐}),[:bearsFeature],(:工艺技法 {name: 抹光处理})
(:器物 {name: 敛口罐}),[:carries],(:图案纹饰 {name: 刻划纹})
(:器物 {name: 敛口罐}),[:carries],(:图案纹饰 {name: 指甲纹})
(:器物 {name: 敛口罐}),[:carries],(:图案纹饰 {name: 凹弦纹})
(:器物 {name: 器盖}),[:bearsFeature],(:工艺技法 {name: 抹光处理})
(:器物 {name: 器盖}),[:carries],(:图案纹饰 {name: 刻划纹})
(:器物 {name: 器盖}),[:carries],(:图案纹饰 {name: 指甲纹})
(:器物 {name: 器盖}),[:carries],(:图案纹饰 {name: 凹弦纹})
(:器物 {name: 三足皿}),[:bearsFeature],(:工艺技法 {name: 抹光处理})
(:器物 {name: 三足皿}),[:hasFunction],(:器物:功用 {name: 食器})
(:器物 {name: 三足皿}),[:carries],(:图案纹饰 {name: 凸弦纹})
(:器物 {name: 豆}),[:wasExcavatedin],(:其他遗址 {name: 八里桥遗址})
(:器物 {name: 豆}),[:bearsFeature],(:图案纹饰:工艺技法 {name: 镂孔})
(:器物 {name: 豆}),[:bearsFeature],(:工艺技法 {name: 抹光处理})
(:器物 {name: 豆}),[:hasFunction],(:器物:功用 {name: 食器})
(:器物 {name: 豆}),[:carries],(:图案纹饰 {name: 凸弦纹})
(:器物 {name: 鬶}),[:bearsFeature],(:工艺技法 {name: 抹光处理})
(:器物 {name: 鬶}),[:carries],(:图案纹饰 {name: 凸弦纹})
(:器物 {name: 盉}),[:bearsFeature],(:工艺技法 {name: 抹光处理})
(:器物 {name: 盉}),[:carries],(:图案纹饰 {name: 刻划纹})
(:器物 {name: 盉}),[:carries],(:图案纹饰 {name: 指甲纹})
(:器物 {name: 盉}),[:carries],(:图案纹饰 {name: 凸弦纹})
(:器物 {name: 爵}),[:wasExcavatedin],(:其他遗址 {name: 八里桥遗址})
(:器物 {name: 爵}),[:hasFunction],(:器物:功用 {name: 酒器})
(:器物 {name: 爵}),[:carries],(:图案纹饰 {name: 刻划纹})
(:器物 {name: 爵}),[:carries],(:图案纹饰 {name: 指甲纹})
(:器物 {name: 爵}),[:carries],(:图案纹饰 {name: 凸弦纹})
(:器物 {name: 大口尊}),[:wasExcavatedin],(:其他遗址 {name: 八里桥遗址})
(:器物 {name: 大口尊}),[:carries],(:图案纹饰 {name: 刻划纹})
(:器物 {name: 大口尊}),[:carries],(:图案纹饰 {name: 指甲纹})
(:器物 {name: 高领尊}),[:carries],(:图案纹饰 {name: 刻划纹})
(:器物 {name: 高领尊}),[:carries],(:图案纹饰 {name: 指甲纹})
(:器物 {name: 矮领尊}),[:carries],(:图案纹饰 {name: 刻划纹})
(:器物 {name: 矮领尊}),[:carries],(:图案纹饰 {name: 指甲纹})
(:器物 {name: 壶}),[:bearsFeature],(:工艺技法 {name: 抹光处理})
(:器物 {name: 壶}),[:carries],(:图案纹饰 {name: 刻划纹})
(:器物 {name: 壶}),[:carries],(:图案纹饰 {name: 指甲纹})
(:图案纹饰 {name: 印纹}),[:hasType],(:图案纹饰 {name: 花瓣纹})
(:图案纹饰 {name: 印纹}),[:hasType],(:图案纹饰 {name: 云雷纹})
(:图案纹饰 {name: 印纹}),[:hasType],(:图案纹饰 {name: 回纹})
(:图案纹饰 {name: 印纹}),[:hasType],(:图案纹饰 {name: 斜线云纹})
(:图案纹饰 {name: 印纹}),[:hasType],(:图案纹饰 {name: 圆点重菱纹})
(:图案纹饰 {name: 印纹}),[:hasType],(:图案纹饰 {name: 重环纹})
(:图案纹饰 {name: 印纹}),[:hasType],(:图案纹饰 {name: 螺旋纹})
(:图案纹饰 {name: 印纹}),[:hasType],(:图案纹饰 {name: 旋云纹})
(:图案纹饰 {name: 印纹}),[:hasType],(:图案纹饰 {name: 席纹})
(:图案纹饰 {name: 印纹}),[:hasType],(:图案纹饰 {name: 编织纹})
(:图案纹饰 {name: 印纹}),[:hasType],(:图案纹饰 {name: 眼形纹})
(:图案纹饰 {name: 印纹}),[:hasType],(:图案纹饰 {name: 蝉纹})
(:图案纹饰 {name: 印纹}),[:hasType],(:图案纹饰 {name: 卷云纹})
(:图案纹饰 {name: 印纹}),[:hasType],(:图案纹饰 {name: 云回纹})
(:图案纹饰 {name: 印纹}),[:hasType],(:图案纹饰 {name: 铆钉饰})
(:器物 {name: 深腹罐}),[:wasExcavatedin],(:其他遗址 {name: 八里桥遗址})
(:器物 {name: 深腹罐}),[:contains],(:器物 {name: 外表饰有细绳纹的橄榄形深腹罐})
(:器物 {name: 深腹罐}),[:carries],(:图案纹饰 {name: 麻点})
(:器物 {name: 圆腹罐}),[:wasExcavatedin],(:其他遗址 {name: 八里桥遗址})
(:器物 {name: 圆腹罐}),[:carries],(:图案纹饰 {name: 麻点})
(:器物 {name: 捏口罐}),[:carries],(:图案纹饰 {name: 麻点})
(:器物 {name: 簋}),[:wasExcavatedin],(:时间 {name: 四期})
(:器物 {name: 簋}),[:wasExcavatedin],(:时间 {name: 三、四期})
(:器物 {name: 簋}),[:bearsFeature],(:工艺技法 {name: 抹光处理})
(:器物 {name: 簋}),[:hasFunction],(:器物:功用 {name: 食器})
(:器物 {name: 觚}),[:bearsFeature],(:工艺技法 {name: 抹光处理})
(:器物 {name: 觚}),[:hasFunction],(:器物:功用 {name: 酒器})
(:器物 {name: 杯}),[:bearsFeature],(:工艺技法 {name: 抹光处理})
(:器物 {name: 罐}),[:hasFunction],(:器物:功用 {name: 炊具})
(:器物 {name: 圈足盘}),[:wasExcavatedin],(:时间 {name: 一期})
(:器物 {name: 圈足盘}),[:hasFunction],(:器物:功用 {name: 食器})
(:器物 {name: 二里岗文化早期陶器}),[:hasType],(:器物 {name: 鬲})
(:器物 {name: 二里岗文化早期陶器}),[:hasType],(:器物 {name: 甗})
(:器物 {name: 二里岗文化早期陶器}),[:hasType],(:器物 {name: 盆})
(:器物 {name: 二里岗文化早期陶器}),[:hasType],(:器物 {name: 瓮})
(:器物 {name: 二里岗文化早期陶器}),[:hasType],(:器物 {name: 高领罐})
(:器物 {name: 二里岗文化早期陶器}),[:hasType],(:器物 {name: 敛口罐})
(:器物 {name: 二里岗文化早期陶器}),[:hasType],(:器物 {name: 豆})
(:器物 {name: 二里岗文化早期陶器}),[:hasType],(:器物 {name: 大口尊})
(:器物 {name: 二里岗文化早期陶器}),[:hasType],(:器物 {name: 深腹罐})
(:器物 {name: 二里岗文化早期陶器}),[:hasType],(:器物 {name: 捏口罐})
(:器物 {name: 二里岗文化早期陶器}),[:hasType],(:器物 {name: 簋})
(:器物 {name: 二里岗文化早期陶器}),[:hasType],(:图案纹饰 {name: 附加堆纹})
(:器物 {name: 陶质小件遗物}),[:hasFunction],(:器物:功用 {name: 乐器})
(:器物 {name: 陶质小件遗物}),[:hasFunction],(:功用 {name: 生产工具})
(:器物 {name: 陶质小件遗物}),[:hasFunction],(:功用 {name: 生活用器})
(:器物 {name: 陶质小件遗物}),[:hasFunction],(:功用 {name: 饰品})
(:人物 {name: 郑光}),[:creator],(:相关信息资源 {name: 《二里头陶器集粹》})
(:相关信息资源 {name: 《二里头陶器集粹》}),[:date],(:时间 {name: 1995年})
(:其他遗址 {name: 郑窑遗址}),[:islocatedin],(:地点 {name: 河南池县})
(:器物 {name: 二里头文化陶器}),[:wasExcavatedin],(:其他遗址 {name: 郑窑遗址})
(:器物 {name: 二里头文化陶器}),[:bearsFeature],(:图案纹饰 {name: 以手制为主、模制和轮制为辅})
(:组织机构 {name: 中国社会科学院考古研究所}),[:invActivity],(:相关活动 {name: 中华文明探源工程})
(:组织机构 {name: 中国科学技术大学}),[:invActivity],(:相关活动 {name: 中华文明探源工程})
(:组织机构 {name: 中国科学院上海硅酸盐研究所}),[:invActivity],(:相关活动 {name: 中华文明探源工程})
"(:大遗址 {honoraryTitle: 华夏第一王都、最早的中国, name: 二里头遗址, description: 10个“中国之最”：最早的城市主干道网络、最早的双轮车辙、最早的宫城、最早的中轴线布局的宫室建筑群、最早的多进院落宫室建筑群、最早的国家级祭祀场和祭祀区、最早的青铜器铸造作坊、最早的绿松石器加工作坊、最早的青铜礼器群、最早的青铜兵器。, Title: 二里头遗址, protectionLevel: 全国重点文物保护单位})",[:wasExcavatedin],(:时间 {name: 1959年})
"(:大遗址 {honoraryTitle: 华夏第一王都、最早的中国, name: 二里头遗址, description: 10个“中国之最”：最早的城市主干道网络、最早的双轮车辙、最早的宫城、最早的中轴线布局的宫室建筑群、最早的多进院落宫室建筑群、最早的国家级祭祀场和祭祀区、最早的青铜器铸造作坊、最早的绿松石器加工作坊、最早的青铜礼器群、最早的青铜兵器。, Title: 二里头遗址, protectionLevel: 全国重点文物保护单位})",[:Belongsto],(:遗产文化 {name: 二里头文化})
"(:大遗址 {honoraryTitle: 华夏第一王都、最早的中国, name: 二里头遗址, description: 10个“中国之最”：最早的城市主干道网络、最早的双轮车辙、最早的宫城、最早的中轴线布局的宫室建筑群、最早的多进院落宫室建筑群、最早的国家级祭祀场和祭祀区、最早的青铜器铸造作坊、最早的绿松石器加工作坊、最早的青铜礼器群、最早的青铜兵器。, Title: 二里头遗址, protectionLevel: 全国重点文物保护单位})",[:contains],(:时间 {name: 一期})
"(:大遗址 {honoraryTitle: 华夏第一王都、最早的中国, name: 二里头遗址, description: 10个“中国之最”：最早的城市主干道网络、最早的双轮车辙、最早的宫城、最早的中轴线布局的宫室建筑群、最早的多进院落宫室建筑群、最早的国家级祭祀场和祭祀区、最早的青铜器铸造作坊、最早的绿松石器加工作坊、最早的青铜礼器群、最早的青铜兵器。, Title: 二里头遗址, protectionLevel: 全国重点文物保护单位})",[:contains],(:遗迹 {name: 墓葬})
"(:大遗址 {honoraryTitle: 华夏第一王都、最早的中国, name: 二里头遗址, description: 10个“中国之最”：最早的城市主干道网络、最早的双轮车辙、最早的宫城、最早的中轴线布局的宫室建筑群、最早的多进院落宫室建筑群、最早的国家级祭祀场和祭祀区、最早的青铜器铸造作坊、最早的绿松石器加工作坊、最早的青铜礼器群、最早的青铜兵器。, Title: 二里头遗址, protectionLevel: 全国重点文物保护单位})",[:contains],(:遗迹 {name: 中国最早的双轮车辙使用痕迹})
"(:大遗址 {honoraryTitle: 华夏第一王都、最早的中国, name: 二里头遗址, description: 10个“中国之最”：最早的城市主干道网络、最早的双轮车辙、最早的宫城、最早的中轴线布局的宫室建筑群、最早的多进院落宫室建筑群、最早的国家级祭祀场和祭祀区、最早的青铜器铸造作坊、最早的绿松石器加工作坊、最早的青铜礼器群、最早的青铜兵器。, Title: 二里头遗址, protectionLevel: 全国重点文物保护单位})",[:contains],(:时间 {name: 二期})
"(:大遗址 {honoraryTitle: 华夏第一王都、最早的中国, name: 二里头遗址, description: 10个“中国之最”：最早的城市主干道网络、最早的双轮车辙、最早的宫城、最早的中轴线布局的宫室建筑群、最早的多进院落宫室建筑群、最早的国家级祭祀场和祭祀区、最早的青铜器铸造作坊、最早的绿松石器加工作坊、最早的青铜礼器群、最早的青铜兵器。, Title: 二里头遗址, protectionLevel: 全国重点文物保护单位})",[:contains],(:时间 {name: 三期})
"(:大遗址 {honoraryTitle: 华夏第一王都、最早的中国, name: 二里头遗址, description: 10个“中国之最”：最早的城市主干道网络、最早的双轮车辙、最早的宫城、最早的中轴线布局的宫室建筑群、最早的多进院落宫室建筑群、最早的国家级祭祀场和祭祀区、最早的青铜器铸造作坊、最早的绿松石器加工作坊、最早的青铜礼器群、最早的青铜兵器。, Title: 二里头遗址, protectionLevel: 全国重点文物保护单位})",[:contains],(:时间 {name: 四期})
"(:大遗址 {honoraryTitle: 华夏第一王都、最早的中国, name: 二里头遗址, description: 10个“中国之最”：最早的城市主干道网络、最早的双轮车辙、最早的宫城、最早的中轴线布局的宫室建筑群、最早的多进院落宫室建筑群、最早的国家级祭祀场和祭祀区、最早的青铜器铸造作坊、最早的绿松石器加工作坊、最早的青铜礼器群、最早的青铜兵器。, Title: 二里头遗址, protectionLevel: 全国重点文物保护单位})",[:contains],(:遗迹 {name: 宫殿})
"(:大遗址 {honoraryTitle: 华夏第一王都、最早的中国, name: 二里头遗址, description: 10个“中国之最”：最早的城市主干道网络、最早的双轮车辙、最早的宫城、最早的中轴线布局的宫室建筑群、最早的多进院落宫室建筑群、最早的国家级祭祀场和祭祀区、最早的青铜器铸造作坊、最早的绿松石器加工作坊、最早的青铜礼器群、最早的青铜兵器。, Title: 二里头遗址, protectionLevel: 全国重点文物保护单位})",[:contains],(:遗迹 {name: 居民区})
"(:大遗址 {honoraryTitle: 华夏第一王都、最早的中国, name: 二里头遗址, description: 10个“中国之最”：最早的城市主干道网络、最早的双轮车辙、最早的宫城、最早的中轴线布局的宫室建筑群、最早的多进院落宫室建筑群、最早的国家级祭祀场和祭祀区、最早的青铜器铸造作坊、最早的绿松石器加工作坊、最早的青铜礼器群、最早的青铜兵器。, Title: 二里头遗址, protectionLevel: 全国重点文物保护单位})",[:contains],(:遗迹 {name: 制陶作坊})
"(:大遗址 {honoraryTitle: 华夏第一王都、最早的中国, name: 二里头遗址, description: 10个“中国之最”：最早的城市主干道网络、最早的双轮车辙、最早的宫城、最早的中轴线布局的宫室建筑群、最早的多进院落宫室建筑群、最早的国家级祭祀场和祭祀区、最早的青铜器铸造作坊、最早的绿松石器加工作坊、最早的青铜礼器群、最早的青铜兵器。, Title: 二里头遗址, protectionLevel: 全国重点文物保护单位})",[:contains],(:遗迹 {name: 窖穴})
"(:大遗址 {honoraryTitle: 华夏第一王都、最早的中国, name: 二里头遗址, description: 10个“中国之最”：最早的城市主干道网络、最早的双轮车辙、最早的宫城、最早的中轴线布局的宫室建筑群、最早的多进院落宫室建筑群、最早的国家级祭祀场和祭祀区、最早的青铜器铸造作坊、最早的绿松石器加工作坊、最早的青铜礼器群、最早的青铜兵器。, Title: 二里头遗址, protectionLevel: 全国重点文物保护单位})",[:contains],(:时间 {name: 四个时期})
"(:大遗址 {honoraryTitle: 华夏第一王都、最早的中国, name: 二里头遗址, description: 10个“中国之最”：最早的城市主干道网络、最早的双轮车辙、最早的宫城、最早的中轴线布局的宫室建筑群、最早的多进院落宫室建筑群、最早的国家级祭祀场和祭祀区、最早的青铜器铸造作坊、最早的绿松石器加工作坊、最早的青铜礼器群、最早的青铜兵器。, Title: 二里头遗址, protectionLevel: 全国重点文物保护单位})",[:date],(:时间 {name: 夏代})
"(:大遗址 {honoraryTitle: 华夏第一王都、最早的中国, name: 二里头遗址, description: 10个“中国之最”：最早的城市主干道网络、最早的双轮车辙、最早的宫城、最早的中轴线布局的宫室建筑群、最早的多进院落宫室建筑群、最早的国家级祭祀场和祭祀区、最早的青铜器铸造作坊、最早的绿松石器加工作坊、最早的青铜礼器群、最早的青铜兵器。, Title: 二里头遗址, protectionLevel: 全国重点文物保护单位})",[:islocatedin],(:地点 {name: 河南省})
"(:大遗址 {honoraryTitle: 华夏第一王都、最早的中国, name: 二里头遗址, description: 10个“中国之最”：最早的城市主干道网络、最早的双轮车辙、最早的宫城、最早的中轴线布局的宫室建筑群、最早的多进院落宫室建筑群、最早的国家级祭祀场和祭祀区、最早的青铜器铸造作坊、最早的绿松石器加工作坊、最早的青铜礼器群、最早的青铜兵器。, Title: 二里头遗址, protectionLevel: 全国重点文物保护单位})",[:islocatedin],(:地点 {name: 洛阳市})
"(:大遗址 {honoraryTitle: 华夏第一王都、最早的中国, name: 二里头遗址, description: 10个“中国之最”：最早的城市主干道网络、最早的双轮车辙、最早的宫城、最早的中轴线布局的宫室建筑群、最早的多进院落宫室建筑群、最早的国家级祭祀场和祭祀区、最早的青铜器铸造作坊、最早的绿松石器加工作坊、最早的青铜礼器群、最早的青铜兵器。, Title: 二里头遗址, protectionLevel: 全国重点文物保护单位})",[:islocatedin],(:地点 {name: 偃师二里头村})
"(:大遗址 {honoraryTitle: 华夏第一王都、最早的中国, name: 二里头遗址, description: 10个“中国之最”：最早的城市主干道网络、最早的双轮车辙、最早的宫城、最早的中轴线布局的宫室建筑群、最早的多进院落宫室建筑群、最早的国家级祭祀场和祭祀区、最早的青铜器铸造作坊、最早的绿松石器加工作坊、最早的青铜礼器群、最早的青铜兵器。, Title: 二里头遗址, protectionLevel: 全国重点文物保护单位})",[:invActivity],(:相关活动 {name: 中华文明探源工程})
"(:大遗址 {honoraryTitle: 华夏第一王都、最早的中国, name: 二里头遗址, description: 10个“中国之最”：最早的城市主干道网络、最早的双轮车辙、最早的宫城、最早的中轴线布局的宫室建筑群、最早的多进院落宫室建筑群、最早的国家级祭祀场和祭祀区、最早的青铜器铸造作坊、最早的绿松石器加工作坊、最早的青铜礼器群、最早的青铜兵器。, Title: 二里头遗址, protectionLevel: 全国重点文物保护单位})",[:hasRelevantResources],(:相关信息资源 {name: 《“十四五”文物保护和科技创新规划》})
"(:大遗址 {honoraryTitle: 华夏第一王都、最早的中国, name: 二里头遗址, description: 10个“中国之最”：最早的城市主干道网络、最早的双轮车辙、最早的宫城、最早的中轴线布局的宫室建筑群、最早的多进院落宫室建筑群、最早的国家级祭祀场和祭祀区、最早的青铜器铸造作坊、最早的绿松石器加工作坊、最早的青铜礼器群、最早的青铜兵器。, Title: 二里头遗址, protectionLevel: 全国重点文物保护单位})",[:hasRelevantResources],(:相关信息资源 {name: 《大遗址保护利用“十四五”专项规划》})
"(:大遗址 {honoraryTitle: 华夏第一王都、最早的中国, name: 二里头遗址, description: 10个“中国之最”：最早的城市主干道网络、最早的双轮车辙、最早的宫城、最早的中轴线布局的宫室建筑群、最早的多进院落宫室建筑群、最早的国家级祭祀场和祭祀区、最早的青铜器铸造作坊、最早的绿松石器加工作坊、最早的青铜礼器群、最早的青铜兵器。, Title: 二里头遗址, protectionLevel: 全国重点文物保护单位})",[:hasRelevantResources],(:相关信息资源 {name: 《二里头（1999—2006）》})
"(:大遗址 {honoraryTitle: 华夏第一王都、最早的中国, name: 二里头遗址, description: 10个“中国之最”：最早的城市主干道网络、最早的双轮车辙、最早的宫城、最早的中轴线布局的宫室建筑群、最早的多进院落宫室建筑群、最早的国家级祭祀场和祭祀区、最早的青铜器铸造作坊、最早的绿松石器加工作坊、最早的青铜礼器群、最早的青铜兵器。, Title: 二里头遗址, protectionLevel: 全国重点文物保护单位})",[:wasExcavatedby],(:人物 {name: 郑光})
"(:大遗址 {honoraryTitle: 华夏第一王都、最早的中国, name: 二里头遗址, description: 10个“中国之最”：最早的城市主干道网络、最早的双轮车辙、最早的宫城、最早的中轴线布局的宫室建筑群、最早的多进院落宫室建筑群、最早的国家级祭祀场和祭祀区、最早的青铜器铸造作坊、最早的绿松石器加工作坊、最早的青铜礼器群、最早的青铜兵器。, Title: 二里头遗址, protectionLevel: 全国重点文物保护单位})",[:wasExcavatedby],(:组织机构 {name: 中国社会科学院考古研究所})
"(:大遗址 {honoraryTitle: 华夏第一王都、最早的中国, name: 二里头遗址, description: 10个“中国之最”：最早的城市主干道网络、最早的双轮车辙、最早的宫城、最早的中轴线布局的宫室建筑群、最早的多进院落宫室建筑群、最早的国家级祭祀场和祭祀区、最早的青铜器铸造作坊、最早的绿松石器加工作坊、最早的青铜礼器群、最早的青铜兵器。, Title: 二里头遗址, protectionLevel: 全国重点文物保护单位})",[:wasExcavatedby],(:人物 {name: 许宏})
"(:大遗址 {honoraryTitle: 华夏第一王都、最早的中国, name: 二里头遗址, description: 10个“中国之最”：最早的城市主干道网络、最早的双轮车辙、最早的宫城、最早的中轴线布局的宫室建筑群、最早的多进院落宫室建筑群、最早的国家级祭祀场和祭祀区、最早的青铜器铸造作坊、最早的绿松石器加工作坊、最早的青铜礼器群、最早的青铜兵器。, Title: 二里头遗址, protectionLevel: 全国重点文物保护单位})",[:wasExcavatedby],(:人物 {name: 赵海涛})
"(:大遗址 {honoraryTitle: 华夏第一王都、最早的中国, name: 二里头遗址, description: 10个“中国之最”：最早的城市主干道网络、最早的双轮车辙、最早的宫城、最早的中轴线布局的宫室建筑群、最早的多进院落宫室建筑群、最早的国家级祭祀场和祭祀区、最早的青铜器铸造作坊、最早的绿松石器加工作坊、最早的青铜礼器群、最早的青铜兵器。, Title: 二里头遗址, protectionLevel: 全国重点文物保护单位})",[:wasExcavatedby],(:人物 {name: 徐旭生})
"(:大遗址 {honoraryTitle: 华夏第一王都、最早的中国, name: 二里头遗址, description: 10个“中国之最”：最早的城市主干道网络、最早的双轮车辙、最早的宫城、最早的中轴线布局的宫室建筑群、最早的多进院落宫室建筑群、最早的国家级祭祀场和祭祀区、最早的青铜器铸造作坊、最早的绿松石器加工作坊、最早的青铜礼器群、最早的青铜兵器。, Title: 二里头遗址, protectionLevel: 全国重点文物保护单位})",[:wasExcavatedby],(:人物 {name: 高天麟})
"(:大遗址 {honoraryTitle: 华夏第一王都、最早的中国, name: 二里头遗址, description: 10个“中国之最”：最早的城市主干道网络、最早的双轮车辙、最早的宫城、最早的中轴线布局的宫室建筑群、最早的多进院落宫室建筑群、最早的国家级祭祀场和祭祀区、最早的青铜器铸造作坊、最早的绿松石器加工作坊、最早的青铜礼器群、最早的青铜兵器。, Title: 二里头遗址, protectionLevel: 全国重点文物保护单位})",[:wasExcavatedby],(:人物 {name: 殷玮璋})
"(:大遗址 {honoraryTitle: 华夏第一王都、最早的中国, name: 二里头遗址, description: 10个“中国之最”：最早的城市主干道网络、最早的双轮车辙、最早的宫城、最早的中轴线布局的宫室建筑群、最早的多进院落宫室建筑群、最早的国家级祭祀场和祭祀区、最早的青铜器铸造作坊、最早的绿松石器加工作坊、最早的青铜礼器群、最早的青铜兵器。, Title: 二里头遗址, protectionLevel: 全国重点文物保护单位})",[:wasExcavatedby],(:人物 {name: 赵芝荃})
"(:大遗址 {honoraryTitle: 华夏第一王都、最早的中国, name: 二里头遗址, description: 10个“中国之最”：最早的城市主干道网络、最早的双轮车辙、最早的宫城、最早的中轴线布局的宫室建筑群、最早的多进院落宫室建筑群、最早的国家级祭祀场和祭祀区、最早的青铜器铸造作坊、最早的绿松石器加工作坊、最早的青铜礼器群、最早的青铜兵器。, Title: 二里头遗址, protectionLevel: 全国重点文物保护单位})",[:wasExcavatedby],(:人物 {name: 杜金鹏})
"(:大遗址 {honoraryTitle: 华夏第一王都、最早的中国, name: 二里头遗址, description: 10个“中国之最”：最早的城市主干道网络、最早的双轮车辙、最早的宫城、最早的中轴线布局的宫室建筑群、最早的多进院落宫室建筑群、最早的国家级祭祀场和祭祀区、最早的青铜器铸造作坊、最早的绿松石器加工作坊、最早的青铜礼器群、最早的青铜兵器。, Title: 二里头遗址, protectionLevel: 全国重点文物保护单位})",[:wasExcavatedby],(:人物 {name: 陈国梁})
"(:大遗址 {honoraryTitle: 华夏第一王都、最早的中国, name: 二里头遗址, description: 10个“中国之最”：最早的城市主干道网络、最早的双轮车辙、最早的宫城、最早的中轴线布局的宫室建筑群、最早的多进院落宫室建筑群、最早的国家级祭祀场和祭祀区、最早的青铜器铸造作坊、最早的绿松石器加工作坊、最早的青铜礼器群、最早的青铜兵器。, Title: 二里头遗址, protectionLevel: 全国重点文物保护单位})",[:excavated],(:遗迹 {name: 手工业作坊遗迹})
"(:大遗址 {honoraryTitle: 华夏第一王都、最早的中国, name: 二里头遗址, description: 10个“中国之最”：最早的城市主干道网络、最早的双轮车辙、最早的宫城、最早的中轴线布局的宫室建筑群、最早的多进院落宫室建筑群、最早的国家级祭祀场和祭祀区、最早的青铜器铸造作坊、最早的绿松石器加工作坊、最早的青铜礼器群、最早的青铜兵器。, Title: 二里头遗址, protectionLevel: 全国重点文物保护单位})",[:excavated],(:器物 {name: 陶器})
"(:大遗址 {honoraryTitle: 华夏第一王都、最早的中国, name: 二里头遗址, description: 10个“中国之最”：最早的城市主干道网络、最早的双轮车辙、最早的宫城、最早的中轴线布局的宫室建筑群、最早的多进院落宫室建筑群、最早的国家级祭祀场和祭祀区、最早的青铜器铸造作坊、最早的绿松石器加工作坊、最早的青铜礼器群、最早的青铜兵器。, Title: 二里头遗址, protectionLevel: 全国重点文物保护单位})",[:excavated],(:器物 {name: 铜器})
"(:大遗址 {honoraryTitle: 华夏第一王都、最早的中国, name: 二里头遗址, description: 10个“中国之最”：最早的城市主干道网络、最早的双轮车辙、最早的宫城、最早的中轴线布局的宫室建筑群、最早的多进院落宫室建筑群、最早的国家级祭祀场和祭祀区、最早的青铜器铸造作坊、最早的绿松石器加工作坊、最早的青铜礼器群、最早的青铜兵器。, Title: 二里头遗址, protectionLevel: 全国重点文物保护单位})",[:excavated],(:器物 {name: 玉器})
"(:大遗址 {honoraryTitle: 华夏第一王都、最早的中国, name: 二里头遗址, description: 10个“中国之最”：最早的城市主干道网络、最早的双轮车辙、最早的宫城、最早的中轴线布局的宫室建筑群、最早的多进院落宫室建筑群、最早的国家级祭祀场和祭祀区、最早的青铜器铸造作坊、最早的绿松石器加工作坊、最早的青铜礼器群、最早的青铜兵器。, Title: 二里头遗址, protectionLevel: 全国重点文物保护单位})",[:excavated],(:器物 {name: 骨、角、蚌、牙、贝、螺质遗物})
"(:大遗址 {honoraryTitle: 华夏第一王都、最早的中国, name: 二里头遗址, description: 10个“中国之最”：最早的城市主干道网络、最早的双轮车辙、最早的宫城、最早的中轴线布局的宫室建筑群、最早的多进院落宫室建筑群、最早的国家级祭祀场和祭祀区、最早的青铜器铸造作坊、最早的绿松石器加工作坊、最早的青铜礼器群、最早的青铜兵器。, Title: 二里头遗址, protectionLevel: 全国重点文物保护单位})",[:excavated],(:器物 {name: 漆器})
"(:大遗址 {honoraryTitle: 华夏第一王都、最早的中国, name: 二里头遗址, description: 10个“中国之最”：最早的城市主干道网络、最早的双轮车辙、最早的宫城、最早的中轴线布局的宫室建筑群、最早的多进院落宫室建筑群、最早的国家级祭祀场和祭祀区、最早的青铜器铸造作坊、最早的绿松石器加工作坊、最早的青铜礼器群、最早的青铜兵器。, Title: 二里头遗址, protectionLevel: 全国重点文物保护单位})",[:excavated],(:器物 {name: 纺织物实物})
"(:大遗址 {honoraryTitle: 华夏第一王都、最早的中国, name: 二里头遗址, description: 10个“中国之最”：最早的城市主干道网络、最早的双轮车辙、最早的宫城、最早的中轴线布局的宫室建筑群、最早的多进院落宫室建筑群、最早的国家级祭祀场和祭祀区、最早的青铜器铸造作坊、最早的绿松石器加工作坊、最早的青铜礼器群、最早的青铜兵器。, Title: 二里头遗址, protectionLevel: 全国重点文物保护单位})",[:excavated],(:器物 {name: 蚌器})
"(:大遗址 {honoraryTitle: 华夏第一王都、最早的中国, name: 二里头遗址, description: 10个“中国之最”：最早的城市主干道网络、最早的双轮车辙、最早的宫城、最早的中轴线布局的宫室建筑群、最早的多进院落宫室建筑群、最早的国家级祭祀场和祭祀区、最早的青铜器铸造作坊、最早的绿松石器加工作坊、最早的青铜礼器群、最早的青铜兵器。, Title: 二里头遗址, protectionLevel: 全国重点文物保护单位})",[:excavated],(:遗迹 {name: 其他遗迹})
"(:大遗址 {honoraryTitle: 华夏第一王都、最早的中国, name: 二里头遗址, description: 10个“中国之最”：最早的城市主干道网络、最早的双轮车辙、最早的宫城、最早的中轴线布局的宫室建筑群、最早的多进院落宫室建筑群、最早的国家级祭祀场和祭祀区、最早的青铜器铸造作坊、最早的绿松石器加工作坊、最早的青铜礼器群、最早的青铜兵器。, Title: 二里头遗址, protectionLevel: 全国重点文物保护单位})",[:excavated],(:器物 {name: 骨角器})
"(:大遗址 {honoraryTitle: 华夏第一王都、最早的中国, name: 二里头遗址, description: 10个“中国之最”：最早的城市主干道网络、最早的双轮车辙、最早的宫城、最早的中轴线布局的宫室建筑群、最早的多进院落宫室建筑群、最早的国家级祭祀场和祭祀区、最早的青铜器铸造作坊、最早的绿松石器加工作坊、最早的青铜礼器群、最早的青铜兵器。, Title: 二里头遗址, protectionLevel: 全国重点文物保护单位})",[:Partof],(:遗产文化 {name: 二里头文化})
"(:大遗址 {honoraryTitle: 华夏第一王都、最早的中国, name: 二里头遗址, description: 10个“中国之最”：最早的城市主干道网络、最早的双轮车辙、最早的宫城、最早的中轴线布局的宫室建筑群、最早的多进院落宫室建筑群、最早的国家级祭祀场和祭祀区、最早的青铜器铸造作坊、最早的绿松石器加工作坊、最早的青铜礼器群、最早的青铜兵器。, Title: 二里头遗址, protectionLevel: 全国重点文物保护单位})",[:measurement],(:尺寸 {name: 东西最长约2400米，南北最宽约1900米})
"(:大遗址 {honoraryTitle: 华夏第一王都、最早的中国, name: 二里头遗址, description: 10个“中国之最”：最早的城市主干道网络、最早的双轮车辙、最早的宫城、最早的中轴线布局的宫室建筑群、最早的多进院落宫室建筑群、最早的国家级祭祀场和祭祀区、最早的青铜器铸造作坊、最早的绿松石器加工作坊、最早的青铜礼器群、最早的青铜兵器。, Title: 二里头遗址, protectionLevel: 全国重点文物保护单位})",[:measurement],(:尺寸 {name: 现存面积约300万平方米})
"(:大遗址 {honoraryTitle: 华夏第一王都、最早的中国, name: 二里头遗址, description: 10个“中国之最”：最早的城市主干道网络、最早的双轮车辙、最早的宫城、最早的中轴线布局的宫室建筑群、最早的多进院落宫室建筑群、最早的国家级祭祀场和祭祀区、最早的青铜器铸造作坊、最早的绿松石器加工作坊、最早的青铜礼器群、最早的青铜兵器。, Title: 二里头遗址, protectionLevel: 全国重点文物保护单位})",[:honoraryTitle],(:荣誉称号 {name: 百年百大考古发现})
"(:大遗址 {honoraryTitle: 华夏第一王都、最早的中国, name: 二里头遗址, description: 10个“中国之最”：最早的城市主干道网络、最早的双轮车辙、最早的宫城、最早的中轴线布局的宫室建筑群、最早的多进院落宫室建筑群、最早的国家级祭祀场和祭祀区、最早的青铜器铸造作坊、最早的绿松石器加工作坊、最早的青铜礼器群、最早的青铜兵器。, Title: 二里头遗址, protectionLevel: 全国重点文物保护单位})",[:honoraryTitle],(:荣誉称号 {name: 2022年度全国十大考古新发现初评候选项目名单})
"(:大遗址 {honoraryTitle: 华夏第一王都、最早的中国, name: 二里头遗址, description: 10个“中国之最”：最早的城市主干道网络、最早的双轮车辙、最早的宫城、最早的中轴线布局的宫室建筑群、最早的多进院落宫室建筑群、最早的国家级祭祀场和祭祀区、最早的青铜器铸造作坊、最早的绿松石器加工作坊、最早的青铜礼器群、最早的青铜兵器。, Title: 二里头遗址, protectionLevel: 全国重点文物保护单位})",[:honoraryTitle],(:荣誉称号 {name: 河南考古百年百大考古发现})
"(:大遗址 {honoraryTitle: 华夏第一王都、最早的中国, name: 二里头遗址, description: 10个“中国之最”：最早的城市主干道网络、最早的双轮车辙、最早的宫城、最早的中轴线布局的宫室建筑群、最早的多进院落宫室建筑群、最早的国家级祭祀场和祭祀区、最早的青铜器铸造作坊、最早的绿松石器加工作坊、最早的青铜礼器群、最早的青铜兵器。, Title: 二里头遗址, protectionLevel: 全国重点文物保护单位})",[:wasDiscoveredby],(:人物 {name: 徐旭生})
"(:大遗址 {honoraryTitle: 华夏第一王都、最早的中国, name: 二里头遗址, description: 10个“中国之最”：最早的城市主干道网络、最早的双轮车辙、最早的宫城、最早的中轴线布局的宫室建筑群、最早的多进院落宫室建筑群、最早的国家级祭祀场和祭祀区、最早的青铜器铸造作坊、最早的绿松石器加工作坊、最早的青铜礼器群、最早的青铜兵器。, Title: 二里头遗址, protectionLevel: 全国重点文物保护单位})",[:wasDiscoveredin],(:时间 {name: 1959年})
"(:大遗址 {honoraryTitle: 华夏第一王都、最早的中国, name: 二里头遗址, description: 10个“中国之最”：最早的城市主干道网络、最早的双轮车辙、最早的宫城、最早的中轴线布局的宫室建筑群、最早的多进院落宫室建筑群、最早的国家级祭祀场和祭祀区、最早的青铜器铸造作坊、最早的绿松石器加工作坊、最早的青铜礼器群、最早的青铜兵器。, Title: 二里头遗址, protectionLevel: 全国重点文物保护单位})",[:wasIn],(:时间 {name: 夏代})
"(:大遗址 {honoraryTitle: 华夏第一王都、最早的中国, name: 二里头遗址, description: 10个“中国之最”：最早的城市主干道网络、最早的双轮车辙、最早的宫城、最早的中轴线布局的宫室建筑群、最早的多进院落宫室建筑群、最早的国家级祭祀场和祭祀区、最早的青铜器铸造作坊、最早的绿松石器加工作坊、最早的青铜礼器群、最早的青铜兵器。, Title: 二里头遗址, protectionLevel: 全国重点文物保护单位})",[:isLocatedin],(:地点 {name: 河南})
(:器物 {name: 二里头文化铜器}),[:wasExcavatedin],(:时间 {name: 二里头文化三期})
(:器物 {name: 二里头文化铜器}),[:contains],(:器物 {name: 圆形器})
(:器物 {name: 二里头文化铜器}),[:contains],(:器物 {name: 铜铃})
(:器物 {name: 二里头文化铜器}),[:contains],(:器物 {name: 铜刀})
(:器物 {name: 二里头文化铜器}),[:contains],(:器物 {name: 铜爵})
(:器物 {name: 二里头文化铜器}),[:contains],(:器物 {name: 铜戈})
(:器物 {name: 二里头文化铜器}),[:contains],(:器物 {name: 铜戚})
(:器物 {name: 二里头文化铜器}),[:contains],(:器物 {name: 铜镞})
(:器物 {name: 二里头文化铜器}),[:contains],(:器物 {name: 铜锛})
(:器物 {name: 二里头文化铜器}),[:contains],(:器物 {name: 铜凿})
(:器物 {name: 二里头文化铜器}),[:contains],(:器物 {name: 铜锯})
(:器物 {name: 二里头文化铜器}),[:contains],(:器物 {name: 铜纺轮})
(:器物 {name: 二里头文化铜器}),[:contains],(:器物 {name: 铜鱼钩})
(:器物 {name: 二里头文化铜器}),[:hasFunction],(:器物 {name: 工具})
(:器物 {name: 二里头文化铜器}),[:hasFunction],(:器物 {name: 容器})
(:器物 {name: 二里头文化铜器}),[:hasFunction],(:器物:功用 {name: 武器})
(:器物 {name: 二里头文化铜器}),[:hasType],(:器物 {name: 工具})
(:器物 {name: 二里头文化铜器}),[:hasType],(:器物 {name: 容器})
(:器物 {name: 二里头文化铜器}),[:hasType],(:器物:功用 {name: 乐器})
(:器物 {name: 二里头文化铜器}),[:hasType],(:器物:功用 {name: 武器})
(:器物 {name: 二里头文化铜器}),[:hasType],(:器物 {name: 礼仪用器})
(:器物 {name: 容器类}),[:contains],(:器物 {name: 鼎})
(:器物 {name: 容器类}),[:contains],(:器物 {name: 盉})
(:器物 {name: 容器类}),[:contains],(:器物 {name: 爵})
(:器物 {name: 容器类}),[:contains],(:器物 {name: 觚})
(:器物 {name: 容器类}),[:contains],(:器物 {name: 角})
(:器物 {name: 容器类}),[:contains],(:器物 {name: 斝})
(:器物 {name: 乐器类}),[:contains],(:器物 {name: 铜铃})
(:器物 {name: 武器类}),[:contains],(:器物 {name: 戈})
(:器物 {name: 武器类}),[:contains],(:器物 {name: 钺})
(:器物 {name: 武器类}),[:contains],(:器物 {name: 戚})
(:器物 {name: 武器类}),[:contains],(:器物 {name: 镞})
(:器物 {name: 工具类}),[:contains],(:器物 {name: 刀})
(:器物 {name: 工具类}),[:contains],(:器物 {name: 凿})
(:器物 {name: 工具类}),[:contains],(:器物 {name: 锥})
(:器物 {name: 工具类}),[:contains],(:器物 {name: 锛})
(:器物 {name: 工具类}),[:contains],(:器物 {name: 锯})
(:器物 {name: 工具类}),[:contains],(:器物 {name: 纺轮})
(:器物 {name: 工具类}),[:contains],(:器物 {name: 鱼钩})
(:器物 {name: 工具类}),[:contains],(:器物 {name: 钻})
(:器物 {name: 其他礼仪用器}),[:contains],(:器物 {name: 铜牌饰})
(:器物 {name: 其他礼仪用器}),[:contains],(:器物 {name: 圆形器})
(:时间 {name: 二里头文化一期}),[:contains],(:器物 {name: 铜块})
(:时间 {name: 二里头文化一期}),[:contains],(:器物 {name: 铜刀})
(:时间 {name: 二里头文化二期}),[:contains],(:器物 {name: 铜牌饰})
(:时间 {name: 二里头文化二期}),[:contains],"(:器物 {name: 绿松石龙形器, description: 1.龙头较大，呈椭圆形，而且略微突出于四边梯形框，呈浮雕状；2.龙头两侧旁表现有鬓；3.吻部略突出，吻部两侧旁有前伸的圆弧状凸；4.以3节半圆形青、白玉柱组成鼻梁，并形成额面中脊；5.鼻凸呈蒜头状；6.眼为梭形，有圆睛；7.龙身呈长条波状曲伏；8.龙身以中脊线为中轴有12个依次排列的菱形纹；9.龙尾内蜷；10.龙身中部有实用的铜铃和铃舌。})"
(:时间 {name: 二里头文化二期}),[:contains],(:器物 {name: 铜铃})
(:时间 {name: 二里头文化二期}),[:contains],(:器物 {name: 铜块})
(:时间 {name: 二里头文化二期}),[:contains],(:器物 {name: 铜刀})
(:时间 {name: 二里头文化二期}),[:contains],(:器物 {name: 铜锥})
(:时间 {name: 二里头文化二期}),[:contains],(:器物 {name: 绿松石饰})
(:时间 {name: 二里头文化二期}),[:contains],(:器物 {name: 扁珠})
(:时间 {name: 二里头文化二期}),[:contains],(:器物 {name: 绿松石珠})
(:时间 {name: 二里头文化二期}),[:contains],(:器物 {name: 绿松石片})
(:时间 {name: 二里头文化四期}),[:contains],(:器物 {name: 铜斝})
(:时间 {name: 二里头文化四期}),[:contains],(:器物 {name: 铜鼎})
(:时间 {name: 二里头文化四期}),[:contains],(:器物 {name: 铜鬲})
(:时间 {name: 二里头文化四期}),[:contains],(:器物 {name: 铜盉})
(:时间 {name: 二里头文化四期}),[:contains],(:器物 {name: 铜觚})
(:时间 {name: 二里头文化四期}),[:contains],(:器物 {name: 铜钺})
(:器物 {name: 兵器类}),[:UsedGeneralTechnique],(:工艺技法 {name: 双面范铸造})
(:器物 {name: 工具}),[:wasExcavatedin],(:遗迹 {name: 遗址的地层及灰坑})
(:器物 {name: 工具}),[:contains],(:器物 {name: 刀})
(:器物 {name: 工具}),[:contains],(:器物 {name: 凿})
(:器物 {name: 工具}),[:contains],(:器物 {name: 锥})
(:器物 {name: 工具}),[:contains],(:器物 {name: 锛})
(:器物 {name: 工具}),[:contains],(:器物 {name: 锯})
(:器物 {name: 工具}),[:contains],(:器物 {name: 纺轮})
(:器物 {name: 工具}),[:contains],(:器物 {name: 鱼钩})
(:器物 {name: 工具}),[:contains],(:器物 {name: 钻})
(:器物 {name: 工具}),[:UsedGeneralTechnique],(:工艺技法 {name: 双面范铸造})
(:器物 {name: 牌饰}),[:wasExcavatedin],"(:大遗址 {honoraryTitle: 华夏第一王都、最早的中国, name: 二里头遗址, description: 10个“中国之最”：最早的城市主干道网络、最早的双轮车辙、最早的宫城、最早的中轴线布局的宫室建筑群、最早的多进院落宫室建筑群、最早的国家级祭祀场和祭祀区、最早的青铜器铸造作坊、最早的绿松石器加工作坊、最早的青铜礼器群、最早的青铜兵器。, Title: 二里头遗址, protectionLevel: 全国重点文物保护单位})"
(:器物 {name: 牌饰}),[:UsedGeneralTechnique],(:工艺技法 {name: 镶嵌工艺})
(:器物 {name: 镶嵌绿松石的圆形器}),[:wasExcavatedin],"(:大遗址 {honoraryTitle: 华夏第一王都、最早的中国, name: 二里头遗址, description: 10个“中国之最”：最早的城市主干道网络、最早的双轮车辙、最早的宫城、最早的中轴线布局的宫室建筑群、最早的多进院落宫室建筑群、最早的国家级祭祀场和祭祀区、最早的青铜器铸造作坊、最早的绿松石器加工作坊、最早的青铜礼器群、最早的青铜兵器。, Title: 二里头遗址, protectionLevel: 全国重点文物保护单位})"
(:器物 {name: 镶嵌绿松石的圆形器}),[:UsedGeneralTechnique],(:工艺技法 {name: 镶嵌工艺})
(:器物:功用 {name: 装饰品}),[:contains],(:器物 {name: 柄形器})
(:器物:功用 {name: 装饰品}),[:contains],(:器物 {name: 圆箍形饰})
(:器物:功用 {name: 装饰品}),[:contains],(:器物 {name: 环})
(:器物:功用 {name: 装饰品}),[:contains],(:器物 {name: 坠饰})
(:器物:功用 {name: 装饰品}),[:contains],(:器物 {name: 尖状饰})
(:器物:功用 {name: 装饰品}),[:contains],(:器物 {name: 管})
(:器物:功用 {name: 装饰品}),[:hasType],(:功用 {name: 实用品})
(:器物:功用 {name: 装饰品}),[:hasType],(:功用 {name: 艺术品})
(:器物 {name: 金沙玉石牙璋}),[:wasExcavatedin],(:其他遗址 {name: 金沙遗址})
(:器物 {name: 牙璋}),[:wasExcavatedin],(:大遗址 {name: 三星堆遗址})
(:器物 {name: 牙璋}),[:wasExcavatedin],"(:大遗址 {honoraryTitle: 华夏第一王都、最早的中国, name: 二里头遗址, description: 10个“中国之最”：最早的城市主干道网络、最早的双轮车辙、最早的宫城、最早的中轴线布局的宫室建筑群、最早的多进院落宫室建筑群、最早的国家级祭祀场和祭祀区、最早的青铜器铸造作坊、最早的绿松石器加工作坊、最早的青铜礼器群、最早的青铜兵器。, Title: 二里头遗址, protectionLevel: 全国重点文物保护单位})"
(:器物 {name: 牙璋}),[:wasExcavatedin],(:遗迹 {name: 墓葬})
(:器物 {name: 牙璋}),[:hasAmount],(:数量 {name: 4件})
(:遗迹 {name: 墓葬}),[:wasExcavatedin],"(:大遗址 {honoraryTitle: 华夏第一王都、最早的中国, name: 二里头遗址, description: 10个“中国之最”：最早的城市主干道网络、最早的双轮车辙、最早的宫城、最早的中轴线布局的宫室建筑群、最早的多进院落宫室建筑群、最早的国家级祭祀场和祭祀区、最早的青铜器铸造作坊、最早的绿松石器加工作坊、最早的青铜礼器群、最早的青铜兵器。, Title: 二里头遗址, protectionLevel: 全国重点文物保护单位})"
(:器物 {name: 漆器}),[:wasExcavatedin],(:遗迹 {name: 高等级墓葬})
(:器物 {name: 漆器}),[:wasExcavatedin],"(:大遗址 {honoraryTitle: 华夏第一王都、最早的中国, name: 二里头遗址, description: 10个“中国之最”：最早的城市主干道网络、最早的双轮车辙、最早的宫城、最早的中轴线布局的宫室建筑群、最早的多进院落宫室建筑群、最早的国家级祭祀场和祭祀区、最早的青铜器铸造作坊、最早的绿松石器加工作坊、最早的青铜礼器群、最早的青铜兵器。, Title: 二里头遗址, protectionLevel: 全国重点文物保护单位})"
(:器物 {name: 漆器}),[:wasExcavatedin],(:时间 {name: 二里头文化二期})
(:器物 {name: 漆器}),[:hasType],(:器物 {name: 钵})
(:器物 {name: 漆器}),[:hasType],(:器物 {name: 盒})
(:器物 {name: 漆器}),[:hasType],(:器物 {name: 匣})
(:器物 {name: 漆器}),[:hasType],(:器物 {name:  匕})
(:器物 {name: 漆器}),[:hasType],(:器物 {name: 勺})
(:器物 {name: 漆器}),[:hasType],(:器物 {name: 豆})
(:器物 {name: 漆器}),[:hasType],(:器物 {name: 觚})
(:器物 {name: 漆鼓}),[:hasFunction],(:器物:功用 {name: 乐器})
(:器物 {name: 漆棺}),[:hasFunction],(:功用 {name: 葬具})
(:器物 {name: 纺织物实物}),[:wasExcavatedin],"(:大遗址 {honoraryTitle: 华夏第一王都、最早的中国, name: 二里头遗址, description: 10个“中国之最”：最早的城市主干道网络、最早的双轮车辙、最早的宫城、最早的中轴线布局的宫室建筑群、最早的多进院落宫室建筑群、最早的国家级祭祀场和祭祀区、最早的青铜器铸造作坊、最早的绿松石器加工作坊、最早的青铜礼器群、最早的青铜兵器。, Title: 二里头遗址, protectionLevel: 全国重点文物保护单位})"
(:器物 {name: 纺织物实物}),[:Existin],(:器物 {name: 铜器})
(:器物 {name: 纺织物实物}),[:Existin],(:器物 {name: 玉器})
(:器物 {name: 纺织物实物}),[:UsedGeneralTechnique],(:工艺技法 {name:  “绞经”织法})
(:器物 {name: 纺织物痕迹}),[:wasExcavatedin],"(:大遗址 {honoraryTitle: 华夏第一王都、最早的中国, name: 二里头遗址, description: 10个“中国之最”：最早的城市主干道网络、最早的双轮车辙、最早的宫城、最早的中轴线布局的宫室建筑群、最早的多进院落宫室建筑群、最早的国家级祭祀场和祭祀区、最早的青铜器铸造作坊、最早的绿松石器加工作坊、最早的青铜礼器群、最早的青铜兵器。, Title: 二里头遗址, protectionLevel: 全国重点文物保护单位})"
(:器物 {name: 纺织物痕迹}),[:Existin],(:器物 {name: 铜牌饰})
(:器物 {name: 纺织物痕迹}),[:Existin],(:器物 {name: 玉戈})
(:器物 {name: 纺织物痕迹}),[:Existin],(:器物 {name: 玉圭})
(:器物 {name: 纺织物痕迹}),[:Existin],(:器物 {name: 铜铃})
(:器物 {name: 纺织物痕迹}),[:Existin],(:器物 {name: 玉刀})
(:器物 {name: 蚌器}),[:contains],(:器物 {name: 镞})
(:器物 {name: 蚌器}),[:contains],(:器物 {name: 刀})
(:器物 {name: 蚌器}),[:contains],(:器物 {name: 锥})
(:器物 {name: 蚌器}),[:contains],(:器物 {name: 锯})
(:器物 {name: 蚌器}),[:contains],(:器物 {name: 廉})
(:器物 {name: 蚌器}),[:contains],(:器物 {name: 铲})
(:器物 {name: 蚌器}),[:contains],(:器物 {name: 蚌珠})
(:器物 {name: 蚌器}),[:contains],(:器物 {name: 穿孔蚌饰})
(:器物 {name: 牙质类器物}),[:contains],(:器物 {name: 牙锥})
(:器物 {name: 牙质类器物}),[:contains],(:器物 {name: 牙镞})
(:器物 {name: 牙质类器物}),[:contains],(:器物 {name: 牙饰})
(:器物 {name: 牙质类器物}),[:contains],(:器物 {name: 不明器形牙器})
(:器物 {name: 贝、螺质类器物}),[:contains],(:器物 {name: 贝饰})
(:器物 {name: 贝、螺质类器物}),[:contains],(:器物 {name: 海贝串饰})
(:器物 {name: 贝、螺质类器物}),[:contains],(:器物 {name: 螺壳})
"(:器物 {honoraryTitle: 华夏第一爵, quantity: 1, material: 青铜, color: 青绿色或锈褐色, name: 乳钉纹铜爵, description: 窄长流、尖长尾、束腰、平底、三足，一侧有鋬，腹部一侧有五枚横排乳钉纹，因此得名“乳钉纹铜爵”。, title: 乳钉纹铜爵、乳钉纹青铜爵、夏代乳钉纹铜爵, measurement: 通高22.5厘米，流至尾长31.3厘米，壁厚0.1厘米})",[:wasExcavatedin],"(:大遗址 {honoraryTitle: 华夏第一王都、最早的中国, name: 二里头遗址, description: 10个“中国之最”：最早的城市主干道网络、最早的双轮车辙、最早的宫城、最早的中轴线布局的宫室建筑群、最早的多进院落宫室建筑群、最早的国家级祭祀场和祭祀区、最早的青铜器铸造作坊、最早的绿松石器加工作坊、最早的青铜礼器群、最早的青铜兵器。, Title: 二里头遗址, protectionLevel: 全国重点文物保护单位})"
"(:器物 {honoraryTitle: 华夏第一爵, quantity: 1, material: 青铜, color: 青绿色或锈褐色, name: 乳钉纹铜爵, description: 窄长流、尖长尾、束腰、平底、三足，一侧有鋬，腹部一侧有五枚横排乳钉纹，因此得名“乳钉纹铜爵”。, title: 乳钉纹铜爵、乳钉纹青铜爵、夏代乳钉纹铜爵, measurement: 通高22.5厘米，流至尾长31.3厘米，壁厚0.1厘米})",[:wasExcavatedin],(:时间 {name: 1975年})
"(:器物 {honoraryTitle: 华夏第一爵, quantity: 1, material: 青铜, color: 青绿色或锈褐色, name: 乳钉纹铜爵, description: 窄长流、尖长尾、束腰、平底、三足，一侧有鋬，腹部一侧有五枚横排乳钉纹，因此得名“乳钉纹铜爵”。, title: 乳钉纹铜爵、乳钉纹青铜爵、夏代乳钉纹铜爵, measurement: 通高22.5厘米，流至尾长31.3厘米，壁厚0.1厘米})",[:hasFunction],(:器物:功用 {name: 酒器})
"(:器物 {honoraryTitle: 华夏第一爵, quantity: 1, material: 青铜, color: 青绿色或锈褐色, name: 乳钉纹铜爵, description: 窄长流、尖长尾、束腰、平底、三足，一侧有鋬，腹部一侧有五枚横排乳钉纹，因此得名“乳钉纹铜爵”。, title: 乳钉纹铜爵、乳钉纹青铜爵、夏代乳钉纹铜爵, measurement: 通高22.5厘米，流至尾长31.3厘米，壁厚0.1厘米})",[:carries],(:图案纹饰 {name: 乳钉纹})
"(:器物 {honoraryTitle: 华夏第一爵, quantity: 1, material: 青铜, color: 青绿色或锈褐色, name: 乳钉纹铜爵, description: 窄长流、尖长尾、束腰、平底、三足，一侧有鋬，腹部一侧有五枚横排乳钉纹，因此得名“乳钉纹铜爵”。, title: 乳钉纹铜爵、乳钉纹青铜爵、夏代乳钉纹铜爵, measurement: 通高22.5厘米，流至尾长31.3厘米，壁厚0.1厘米})",[:UsedGeneralTechnique],(:工艺技法 {name: “复合范”技术})
"(:器物 {honoraryTitle: 华夏第一爵, quantity: 1, material: 青铜, color: 青绿色或锈褐色, name: 乳钉纹铜爵, description: 窄长流、尖长尾、束腰、平底、三足，一侧有鋬，腹部一侧有五枚横排乳钉纹，因此得名“乳钉纹铜爵”。, title: 乳钉纹铜爵、乳钉纹青铜爵、夏代乳钉纹铜爵, measurement: 通高22.5厘米，流至尾长31.3厘米，壁厚0.1厘米})",[:wasExcavatedby],(:组织机构 {name: 中国科学院考古研究所})
"(:器物 {honoraryTitle: 华夏第一爵, quantity: 1, material: 青铜, color: 青绿色或锈褐色, name: 乳钉纹铜爵, description: 窄长流、尖长尾、束腰、平底、三足，一侧有鋬，腹部一侧有五枚横排乳钉纹，因此得名“乳钉纹铜爵”。, title: 乳钉纹铜爵、乳钉纹青铜爵、夏代乳钉纹铜爵, measurement: 通高22.5厘米，流至尾长31.3厘米，壁厚0.1厘米})",[:wasProducedby],(:人物 {name: 二里头先民})
"(:器物 {honoraryTitle: 华夏第一爵, quantity: 1, material: 青铜, color: 青绿色或锈褐色, name: 乳钉纹铜爵, description: 窄长流、尖长尾、束腰、平底、三足，一侧有鋬，腹部一侧有五枚横排乳钉纹，因此得名“乳钉纹铜爵”。, title: 乳钉纹铜爵、乳钉纹青铜爵、夏代乳钉纹铜爵, measurement: 通高22.5厘米，流至尾长31.3厘米，壁厚0.1厘米})",[:material],(:质料 {name: 青铜})
"(:器物 {honoraryTitle: 华夏第一爵, quantity: 1, material: 青铜, color: 青绿色或锈褐色, name: 乳钉纹铜爵, description: 窄长流、尖长尾、束腰、平底、三足，一侧有鋬，腹部一侧有五枚横排乳钉纹，因此得名“乳钉纹铜爵”。, title: 乳钉纹铜爵、乳钉纹青铜爵、夏代乳钉纹铜爵, measurement: 通高22.5厘米，流至尾长31.3厘米，壁厚0.1厘米})",[:measurement],(:尺寸 {name: 通高22.5厘米，流至尾长31.5厘米，厚0.1厘米})
"(:器物 {honoraryTitle: 华夏第一爵, quantity: 1, material: 青铜, color: 青绿色或锈褐色, name: 乳钉纹铜爵, description: 窄长流、尖长尾、束腰、平底、三足，一侧有鋬，腹部一侧有五枚横排乳钉纹，因此得名“乳钉纹铜爵”。, title: 乳钉纹铜爵、乳钉纹青铜爵、夏代乳钉纹铜爵, measurement: 通高22.5厘米，流至尾长31.3厘米，壁厚0.1厘米})",[:measurement],(:尺寸 {name: 高22.5厘米，流、尾长31.3厘米，壁厚0.1厘米})
"(:器物 {honoraryTitle: 华夏第一爵, quantity: 1, material: 青铜, color: 青绿色或锈褐色, name: 乳钉纹铜爵, description: 窄长流、尖长尾、束腰、平底、三足，一侧有鋬，腹部一侧有五枚横排乳钉纹，因此得名“乳钉纹铜爵”。, title: 乳钉纹铜爵、乳钉纹青铜爵、夏代乳钉纹铜爵, measurement: 通高22.5厘米，流至尾长31.3厘米，壁厚0.1厘米})",[:honoraryTitle],(:荣誉称号 {name: 中华第一爵})
"(:器物 {honoraryTitle: 华夏第一爵, quantity: 1, material: 青铜, color: 青绿色或锈褐色, name: 乳钉纹铜爵, description: 窄长流、尖长尾、束腰、平底、三足，一侧有鋬，腹部一侧有五枚横排乳钉纹，因此得名“乳钉纹铜爵”。, title: 乳钉纹铜爵、乳钉纹青铜爵、夏代乳钉纹铜爵, measurement: 通高22.5厘米，流至尾长31.3厘米，壁厚0.1厘米})",[:RelatedInformationResources],"(:相关信息资源 {author: 中国社会科学院考古研究所, publisher: 中国大百科全书出版社, title: 二里头（1959年 - 1978年考古发掘报告）})"
"(:器物 {honoraryTitle: 华夏第一爵, quantity: 1, material: 青铜, color: 青绿色或锈褐色, name: 乳钉纹铜爵, description: 窄长流、尖长尾、束腰、平底、三足，一侧有鋬，腹部一侧有五枚横排乳钉纹，因此得名“乳钉纹铜爵”。, title: 乳钉纹铜爵、乳钉纹青铜爵、夏代乳钉纹铜爵, measurement: 通高22.5厘米，流至尾长31.3厘米，壁厚0.1厘米})",[:RelatedInformationResources],"(:相关信息资源 {author: 李伯谦, publisher: 上海古籍出版社, title: 中国青铜器综论})"
"(:器物 {honoraryTitle: 华夏第一爵, quantity: 1, material: 青铜, color: 青绿色或锈褐色, name: 乳钉纹铜爵, description: 窄长流、尖长尾、束腰、平底、三足，一侧有鋬，腹部一侧有五枚横排乳钉纹，因此得名“乳钉纹铜爵”。, title: 乳钉纹铜爵、乳钉纹青铜爵、夏代乳钉纹铜爵, measurement: 通高22.5厘米，流至尾长31.3厘米，壁厚0.1厘米})",[:RelatedInformationResources],"(:相关信息资源 {author: 中央电视台纪录频道, publisher: 中信出版社, title: 如果国宝会说话})"
"(:器物 {honoraryTitle: 华夏第一爵, quantity: 1, material: 青铜, color: 青绿色或锈褐色, name: 乳钉纹铜爵, description: 窄长流、尖长尾、束腰、平底、三足，一侧有鋬，腹部一侧有五枚横排乳钉纹，因此得名“乳钉纹铜爵”。, title: 乳钉纹铜爵、乳钉纹青铜爵、夏代乳钉纹铜爵, measurement: 通高22.5厘米，流至尾长31.3厘米，壁厚0.1厘米})",[:RelatedInformationResources],(:相关信息资源 {title: 国家宝藏·100件文物讲述中华文明史})
"(:器物 {honoraryTitle: 华夏第一爵, quantity: 1, material: 青铜, color: 青绿色或锈褐色, name: 乳钉纹铜爵, description: 窄长流、尖长尾、束腰、平底、三足，一侧有鋬，腹部一侧有五枚横排乳钉纹，因此得名“乳钉纹铜爵”。, title: 乳钉纹铜爵、乳钉纹青铜爵、夏代乳钉纹铜爵, measurement: 通高22.5厘米，流至尾长31.3厘米，壁厚0.1厘米})",[:RelatedArtifacts],"(:器物 {honoraryTitle: 华夏第一爵, material: 绿松石、铜, name: 镶嵌绿松石兽面纹铜牌饰1984ⅥM11:7, description: 长16.5厘米、宽8 - 11厘米。器身以青铜铸出主体框架，呈四角钝圆，略呈亚腰形，两侧各有对称环纽。其上以数百片绿松石拼合镶嵌出兽面纹，加工精巧，丝丝入扣，虽历经三、四千年无一松动脱落。出土时安放在墓主人胸部，从两侧有对称的穿孔钮可见，穿缀系于主人胸前，应作为沟通天、地、神、人等的重要载体。, title: 嵌绿松石饕餮纹铜牌饰、镶嵌绿松石兽面纹铜牌饰, measurement: 长16.5厘米、宽8-11厘米, identifer: 1984ⅥM11:7})"
"(:器物 {honoraryTitle: 华夏第一爵, quantity: 1, material: 青铜, color: 青绿色或锈褐色, name: 乳钉纹铜爵, description: 窄长流、尖长尾、束腰、平底、三足，一侧有鋬，腹部一侧有五枚横排乳钉纹，因此得名“乳钉纹铜爵”。, title: 乳钉纹铜爵、乳钉纹青铜爵、夏代乳钉纹铜爵, measurement: 通高22.5厘米，流至尾长31.3厘米，壁厚0.1厘米})",[:RelatedArtifacts],"(:器物 {name: 绿松石龙形器, description: 1.龙头较大，呈椭圆形，而且略微突出于四边梯形框，呈浮雕状；2.龙头两侧旁表现有鬓；3.吻部略突出，吻部两侧旁有前伸的圆弧状凸；4.以3节半圆形青、白玉柱组成鼻梁，并形成额面中脊；5.鼻凸呈蒜头状；6.眼为梭形，有圆睛；7.龙身呈长条波状曲伏；8.龙身以中脊线为中轴有12个依次排列的菱形纹；9.龙尾内蜷；10.龙身中部有实用的铜铃和铃舌。})"
"(:器物 {honoraryTitle: 华夏第一爵, quantity: 1, material: 青铜, color: 青绿色或锈褐色, name: 乳钉纹铜爵, description: 窄长流、尖长尾、束腰、平底、三足，一侧有鋬，腹部一侧有五枚横排乳钉纹，因此得名“乳钉纹铜爵”。, title: 乳钉纹铜爵、乳钉纹青铜爵、夏代乳钉纹铜爵, measurement: 通高22.5厘米，流至尾长31.3厘米，壁厚0.1厘米})",[:RelatedArtifacts],(:器物 {name: 网格纹铜鼎})
"(:器物 {honoraryTitle: 华夏第一爵, material: 绿松石、铜, name: 镶嵌绿松石兽面纹铜牌饰1984ⅥM11:7, description: 长16.5厘米、宽8 - 11厘米。器身以青铜铸出主体框架，呈四角钝圆，略呈亚腰形，两侧各有对称环纽。其上以数百片绿松石拼合镶嵌出兽面纹，加工精巧，丝丝入扣，虽历经三、四千年无一松动脱落。出土时安放在墓主人胸部，从两侧有对称的穿孔钮可见，穿缀系于主人胸前，应作为沟通天、地、神、人等的重要载体。, title: 嵌绿松石饕餮纹铜牌饰、镶嵌绿松石兽面纹铜牌饰, measurement: 长16.5厘米、宽8-11厘米, identifer: 1984ⅥM11:7})",[:wasExcavatedin],"(:大遗址 {honoraryTitle: 华夏第一王都、最早的中国, name: 二里头遗址, description: 10个“中国之最”：最早的城市主干道网络、最早的双轮车辙、最早的宫城、最早的中轴线布局的宫室建筑群、最早的多进院落宫室建筑群、最早的国家级祭祀场和祭祀区、最早的青铜器铸造作坊、最早的绿松石器加工作坊、最早的青铜礼器群、最早的青铜兵器。, Title: 二里头遗址, protectionLevel: 全国重点文物保护单位})"
"(:器物 {honoraryTitle: 华夏第一爵, material: 绿松石、铜, name: 镶嵌绿松石兽面纹铜牌饰1984ⅥM11:7, description: 长16.5厘米、宽8 - 11厘米。器身以青铜铸出主体框架，呈四角钝圆，略呈亚腰形，两侧各有对称环纽。其上以数百片绿松石拼合镶嵌出兽面纹，加工精巧，丝丝入扣，虽历经三、四千年无一松动脱落。出土时安放在墓主人胸部，从两侧有对称的穿孔钮可见，穿缀系于主人胸前，应作为沟通天、地、神、人等的重要载体。, title: 嵌绿松石饕餮纹铜牌饰、镶嵌绿松石兽面纹铜牌饰, measurement: 长16.5厘米、宽8-11厘米, identifer: 1984ⅥM11:7})",[:wasExcavatedin],(:时间 {name: 1984年})
"(:器物 {honoraryTitle: 华夏第一爵, material: 绿松石、铜, name: 镶嵌绿松石兽面纹铜牌饰1984ⅥM11:7, description: 长16.5厘米、宽8 - 11厘米。器身以青铜铸出主体框架，呈四角钝圆，略呈亚腰形，两侧各有对称环纽。其上以数百片绿松石拼合镶嵌出兽面纹，加工精巧，丝丝入扣，虽历经三、四千年无一松动脱落。出土时安放在墓主人胸部，从两侧有对称的穿孔钮可见，穿缀系于主人胸前，应作为沟通天、地、神、人等的重要载体。, title: 嵌绿松石饕餮纹铜牌饰、镶嵌绿松石兽面纹铜牌饰, measurement: 长16.5厘米、宽8-11厘米, identifer: 1984ⅥM11:7})",[:wasExcavatedin],(:地点 {name: 河南偃师二里头})
"(:器物 {honoraryTitle: 华夏第一爵, material: 绿松石、铜, name: 镶嵌绿松石兽面纹铜牌饰1984ⅥM11:7, description: 长16.5厘米、宽8 - 11厘米。器身以青铜铸出主体框架，呈四角钝圆，略呈亚腰形，两侧各有对称环纽。其上以数百片绿松石拼合镶嵌出兽面纹，加工精巧，丝丝入扣，虽历经三、四千年无一松动脱落。出土时安放在墓主人胸部，从两侧有对称的穿孔钮可见，穿缀系于主人胸前，应作为沟通天、地、神、人等的重要载体。, title: 嵌绿松石饕餮纹铜牌饰、镶嵌绿松石兽面纹铜牌饰, measurement: 长16.5厘米、宽8-11厘米, identifer: 1984ⅥM11:7})",[:wasExcavatedin],(:时间 {name: 二里头文化四期})
"(:器物 {honoraryTitle: 华夏第一爵, material: 绿松石、铜, name: 镶嵌绿松石兽面纹铜牌饰1984ⅥM11:7, description: 长16.5厘米、宽8 - 11厘米。器身以青铜铸出主体框架，呈四角钝圆，略呈亚腰形，两侧各有对称环纽。其上以数百片绿松石拼合镶嵌出兽面纹，加工精巧，丝丝入扣，虽历经三、四千年无一松动脱落。出土时安放在墓主人胸部，从两侧有对称的穿孔钮可见，穿缀系于主人胸前，应作为沟通天、地、神、人等的重要载体。, title: 嵌绿松石饕餮纹铜牌饰、镶嵌绿松石兽面纹铜牌饰, measurement: 长16.5厘米、宽8-11厘米, identifer: 1984ⅥM11:7})",[:hasFunction],(:功用 {name: 礼器})
"(:器物 {honoraryTitle: 华夏第一爵, material: 绿松石、铜, name: 镶嵌绿松石兽面纹铜牌饰1984ⅥM11:7, description: 长16.5厘米、宽8 - 11厘米。器身以青铜铸出主体框架，呈四角钝圆，略呈亚腰形，两侧各有对称环纽。其上以数百片绿松石拼合镶嵌出兽面纹，加工精巧，丝丝入扣，虽历经三、四千年无一松动脱落。出土时安放在墓主人胸部，从两侧有对称的穿孔钮可见，穿缀系于主人胸前，应作为沟通天、地、神、人等的重要载体。, title: 嵌绿松石饕餮纹铜牌饰、镶嵌绿松石兽面纹铜牌饰, measurement: 长16.5厘米、宽8-11厘米, identifer: 1984ⅥM11:7})",[:carries],(:图案纹饰 {name: 兽面纹})
"(:器物 {honoraryTitle: 华夏第一爵, material: 绿松石、铜, name: 镶嵌绿松石兽面纹铜牌饰1984ⅥM11:7, description: 长16.5厘米、宽8 - 11厘米。器身以青铜铸出主体框架，呈四角钝圆，略呈亚腰形，两侧各有对称环纽。其上以数百片绿松石拼合镶嵌出兽面纹，加工精巧，丝丝入扣，虽历经三、四千年无一松动脱落。出土时安放在墓主人胸部，从两侧有对称的穿孔钮可见，穿缀系于主人胸前，应作为沟通天、地、神、人等的重要载体。, title: 嵌绿松石饕餮纹铜牌饰、镶嵌绿松石兽面纹铜牌饰, measurement: 长16.5厘米、宽8-11厘米, identifer: 1984ⅥM11:7})",[:isCollectedin],(:组织机构 {name: 二里头夏都遗址博物馆})
"(:器物 {honoraryTitle: 华夏第一爵, material: 绿松石、铜, name: 镶嵌绿松石兽面纹铜牌饰1984ⅥM11:7, description: 长16.5厘米、宽8 - 11厘米。器身以青铜铸出主体框架，呈四角钝圆，略呈亚腰形，两侧各有对称环纽。其上以数百片绿松石拼合镶嵌出兽面纹，加工精巧，丝丝入扣，虽历经三、四千年无一松动脱落。出土时安放在墓主人胸部，从两侧有对称的穿孔钮可见，穿缀系于主人胸前，应作为沟通天、地、神、人等的重要载体。, title: 嵌绿松石饕餮纹铜牌饰、镶嵌绿松石兽面纹铜牌饰, measurement: 长16.5厘米、宽8-11厘米, identifer: 1984ⅥM11:7})",[:wasProducedin],(:时间 {name: 夏代})
"(:器物 {honoraryTitle: 华夏第一爵, material: 绿松石、铜, name: 镶嵌绿松石兽面纹铜牌饰1984ⅥM11:7, description: 长16.5厘米、宽8 - 11厘米。器身以青铜铸出主体框架，呈四角钝圆，略呈亚腰形，两侧各有对称环纽。其上以数百片绿松石拼合镶嵌出兽面纹，加工精巧，丝丝入扣，虽历经三、四千年无一松动脱落。出土时安放在墓主人胸部，从两侧有对称的穿孔钮可见，穿缀系于主人胸前，应作为沟通天、地、神、人等的重要载体。, title: 嵌绿松石饕餮纹铜牌饰、镶嵌绿松石兽面纹铜牌饰, measurement: 长16.5厘米、宽8-11厘米, identifer: 1984ⅥM11:7})",[:measurement],(:尺寸 {name: 长16.5厘米、宽8-11厘米})
"(:器物 {honoraryTitle: 华夏第一爵, material: 绿松石、铜, name: 镶嵌绿松石兽面纹铜牌饰1984ⅥM11:7, description: 长16.5厘米、宽8 - 11厘米。器身以青铜铸出主体框架，呈四角钝圆，略呈亚腰形，两侧各有对称环纽。其上以数百片绿松石拼合镶嵌出兽面纹，加工精巧，丝丝入扣，虽历经三、四千年无一松动脱落。出土时安放在墓主人胸部，从两侧有对称的穿孔钮可见，穿缀系于主人胸前，应作为沟通天、地、神、人等的重要载体。, title: 嵌绿松石饕餮纹铜牌饰、镶嵌绿松石兽面纹铜牌饰, measurement: 长16.5厘米、宽8-11厘米, identifer: 1984ⅥM11:7})",[:measurement],(:尺寸 {name: 长16.5厘米，宽8-11厘米})
"(:器物 {honoraryTitle: 华夏第一爵, material: 绿松石、铜, name: 镶嵌绿松石兽面纹铜牌饰1984ⅥM11:7, description: 长16.5厘米、宽8 - 11厘米。器身以青铜铸出主体框架，呈四角钝圆，略呈亚腰形，两侧各有对称环纽。其上以数百片绿松石拼合镶嵌出兽面纹，加工精巧，丝丝入扣，虽历经三、四千年无一松动脱落。出土时安放在墓主人胸部，从两侧有对称的穿孔钮可见，穿缀系于主人胸前，应作为沟通天、地、神、人等的重要载体。, title: 嵌绿松石饕餮纹铜牌饰、镶嵌绿松石兽面纹铜牌饰, measurement: 长16.5厘米、宽8-11厘米, identifer: 1984ⅥM11:7})",[:RelatedArtifacts],"(:器物 {honoraryTitle: 华夏第一爵, quantity: 1, material: 青铜, color: 青绿色或锈褐色, name: 乳钉纹铜爵, description: 窄长流、尖长尾、束腰、平底、三足，一侧有鋬，腹部一侧有五枚横排乳钉纹，因此得名“乳钉纹铜爵”。, title: 乳钉纹铜爵、乳钉纹青铜爵、夏代乳钉纹铜爵, measurement: 通高22.5厘米，流至尾长31.3厘米，壁厚0.1厘米})"
"(:器物 {honoraryTitle: 华夏第一爵, material: 绿松石、铜, name: 镶嵌绿松石兽面纹铜牌饰1984ⅥM11:7, description: 长16.5厘米、宽8 - 11厘米。器身以青铜铸出主体框架，呈四角钝圆，略呈亚腰形，两侧各有对称环纽。其上以数百片绿松石拼合镶嵌出兽面纹，加工精巧，丝丝入扣，虽历经三、四千年无一松动脱落。出土时安放在墓主人胸部，从两侧有对称的穿孔钮可见，穿缀系于主人胸前，应作为沟通天、地、神、人等的重要载体。, title: 嵌绿松石饕餮纹铜牌饰、镶嵌绿松石兽面纹铜牌饰, measurement: 长16.5厘米、宽8-11厘米, identifer: 1984ⅥM11:7})",[:RelatedArtifacts],(:相关文物 {name: 赛克勒美术馆藏品a})
"(:器物 {honoraryTitle: 华夏第一爵, material: 绿松石、铜, name: 镶嵌绿松石兽面纹铜牌饰1984ⅥM11:7, description: 长16.5厘米、宽8 - 11厘米。器身以青铜铸出主体框架，呈四角钝圆，略呈亚腰形，两侧各有对称环纽。其上以数百片绿松石拼合镶嵌出兽面纹，加工精巧，丝丝入扣，虽历经三、四千年无一松动脱落。出土时安放在墓主人胸部，从两侧有对称的穿孔钮可见，穿缀系于主人胸前，应作为沟通天、地、神、人等的重要载体。, title: 嵌绿松石饕餮纹铜牌饰、镶嵌绿松石兽面纹铜牌饰, measurement: 长16.5厘米、宽8-11厘米, identifer: 1984ⅥM11:7})",[:RelatedArtifacts],(:相关文物 {name: 保罗•辛格博士藏品a})
"(:器物 {honoraryTitle: 华夏第一爵, material: 绿松石、铜, name: 镶嵌绿松石兽面纹铜牌饰1984ⅥM11:7, description: 长16.5厘米、宽8 - 11厘米。器身以青铜铸出主体框架，呈四角钝圆，略呈亚腰形，两侧各有对称环纽。其上以数百片绿松石拼合镶嵌出兽面纹，加工精巧，丝丝入扣，虽历经三、四千年无一松动脱落。出土时安放在墓主人胸部，从两侧有对称的穿孔钮可见，穿缀系于主人胸前，应作为沟通天、地、神、人等的重要载体。, title: 嵌绿松石饕餮纹铜牌饰、镶嵌绿松石兽面纹铜牌饰, measurement: 长16.5厘米、宽8-11厘米, identifer: 1984ⅥM11:7})",[:RelatedArtifacts],(:相关文物 {name: 伦敦埃斯肯纳齐行藏品})
"(:器物 {honoraryTitle: 华夏第一爵, material: 绿松石、铜, name: 镶嵌绿松石兽面纹铜牌饰1984ⅥM11:7, description: 长16.5厘米、宽8 - 11厘米。器身以青铜铸出主体框架，呈四角钝圆，略呈亚腰形，两侧各有对称环纽。其上以数百片绿松石拼合镶嵌出兽面纹，加工精巧，丝丝入扣，虽历经三、四千年无一松动脱落。出土时安放在墓主人胸部，从两侧有对称的穿孔钮可见，穿缀系于主人胸前，应作为沟通天、地、神、人等的重要载体。, title: 嵌绿松石饕餮纹铜牌饰、镶嵌绿松石兽面纹铜牌饰, measurement: 长16.5厘米、宽8-11厘米, identifer: 1984ⅥM11:7})",[:RelatedArtifacts],(:相关文物 {name: 日本MIHO博物馆藏品})
"(:器物 {honoraryTitle: 华夏第一爵, material: 绿松石、铜, name: 镶嵌绿松石兽面纹铜牌饰1984ⅥM11:7, description: 长16.5厘米、宽8 - 11厘米。器身以青铜铸出主体框架，呈四角钝圆，略呈亚腰形，两侧各有对称环纽。其上以数百片绿松石拼合镶嵌出兽面纹，加工精巧，丝丝入扣，虽历经三、四千年无一松动脱落。出土时安放在墓主人胸部，从两侧有对称的穿孔钮可见，穿缀系于主人胸前，应作为沟通天、地、神、人等的重要载体。, title: 嵌绿松石饕餮纹铜牌饰、镶嵌绿松石兽面纹铜牌饰, measurement: 长16.5厘米、宽8-11厘米, identifer: 1984ⅥM11:7})",[:RelatedArtifacts],(:相关文物 {name: 四川三星堆真武87GSZJ：36})
"(:器物 {honoraryTitle: 华夏第一爵, material: 绿松石、铜, name: 镶嵌绿松石兽面纹铜牌饰1984ⅥM11:7, description: 长16.5厘米、宽8 - 11厘米。器身以青铜铸出主体框架，呈四角钝圆，略呈亚腰形，两侧各有对称环纽。其上以数百片绿松石拼合镶嵌出兽面纹，加工精巧，丝丝入扣，虽历经三、四千年无一松动脱落。出土时安放在墓主人胸部，从两侧有对称的穿孔钮可见，穿缀系于主人胸前，应作为沟通天、地、神、人等的重要载体。, title: 嵌绿松石饕餮纹铜牌饰、镶嵌绿松石兽面纹铜牌饰, measurement: 长16.5厘米、宽8-11厘米, identifer: 1984ⅥM11:7})",[:RelatedArtifacts],(:相关文物 {name: 四川三星堆真武87GSZJ：16})
"(:器物 {honoraryTitle: 华夏第一爵, material: 绿松石、铜, name: 镶嵌绿松石兽面纹铜牌饰1984ⅥM11:7, description: 长16.5厘米、宽8 - 11厘米。器身以青铜铸出主体框架，呈四角钝圆，略呈亚腰形，两侧各有对称环纽。其上以数百片绿松石拼合镶嵌出兽面纹，加工精巧，丝丝入扣，虽历经三、四千年无一松动脱落。出土时安放在墓主人胸部，从两侧有对称的穿孔钮可见，穿缀系于主人胸前，应作为沟通天、地、神、人等的重要载体。, title: 嵌绿松石饕餮纹铜牌饰、镶嵌绿松石兽面纹铜牌饰, measurement: 长16.5厘米、宽8-11厘米, identifer: 1984ⅥM11:7})",[:RelatedArtifacts],(:相关文物 {name: 檀香山艺术学院藏品})
"(:器物 {honoraryTitle: 华夏第一爵, material: 绿松石、铜, name: 镶嵌绿松石兽面纹铜牌饰1984ⅥM11:7, description: 长16.5厘米、宽8 - 11厘米。器身以青铜铸出主体框架，呈四角钝圆，略呈亚腰形，两侧各有对称环纽。其上以数百片绿松石拼合镶嵌出兽面纹，加工精巧，丝丝入扣，虽历经三、四千年无一松动脱落。出土时安放在墓主人胸部，从两侧有对称的穿孔钮可见，穿缀系于主人胸前，应作为沟通天、地、神、人等的重要载体。, title: 嵌绿松石饕餮纹铜牌饰、镶嵌绿松石兽面纹铜牌饰, measurement: 长16.5厘米、宽8-11厘米, identifer: 1984ⅥM11:7})",[:RelatedArtifacts],(:相关文物 {name: 甘肃天水博物馆藏品})
"(:器物 {honoraryTitle: 华夏第一爵, material: 绿松石、铜, name: 镶嵌绿松石兽面纹铜牌饰1984ⅥM11:7, description: 长16.5厘米、宽8 - 11厘米。器身以青铜铸出主体框架，呈四角钝圆，略呈亚腰形，两侧各有对称环纽。其上以数百片绿松石拼合镶嵌出兽面纹，加工精巧，丝丝入扣，虽历经三、四千年无一松动脱落。出土时安放在墓主人胸部，从两侧有对称的穿孔钮可见，穿缀系于主人胸前，应作为沟通天、地、神、人等的重要载体。, title: 嵌绿松石饕餮纹铜牌饰、镶嵌绿松石兽面纹铜牌饰, measurement: 长16.5厘米、宽8-11厘米, identifer: 1984ⅥM11:7})",[:RelatedArtifacts],(:相关文物 {name: 赛克勒美术馆藏品c})
"(:器物 {honoraryTitle: 华夏第一爵, material: 绿松石、铜, name: 镶嵌绿松石兽面纹铜牌饰1984ⅥM11:7, description: 长16.5厘米、宽8 - 11厘米。器身以青铜铸出主体框架，呈四角钝圆，略呈亚腰形，两侧各有对称环纽。其上以数百片绿松石拼合镶嵌出兽面纹，加工精巧，丝丝入扣，虽历经三、四千年无一松动脱落。出土时安放在墓主人胸部，从两侧有对称的穿孔钮可见，穿缀系于主人胸前，应作为沟通天、地、神、人等的重要载体。, title: 嵌绿松石饕餮纹铜牌饰、镶嵌绿松石兽面纹铜牌饰, measurement: 长16.5厘米、宽8-11厘米, identifer: 1984ⅥM11:7})",[:RelatedArtifacts],(:相关文物 {name: 赛克勒美术馆藏品b})
"(:器物 {honoraryTitle: 华夏第一爵, material: 绿松石、铜, name: 镶嵌绿松石兽面纹铜牌饰1984ⅥM11:7, description: 长16.5厘米、宽8 - 11厘米。器身以青铜铸出主体框架，呈四角钝圆，略呈亚腰形，两侧各有对称环纽。其上以数百片绿松石拼合镶嵌出兽面纹，加工精巧，丝丝入扣，虽历经三、四千年无一松动脱落。出土时安放在墓主人胸部，从两侧有对称的穿孔钮可见，穿缀系于主人胸前，应作为沟通天、地、神、人等的重要载体。, title: 嵌绿松石饕餮纹铜牌饰、镶嵌绿松石兽面纹铜牌饰, measurement: 长16.5厘米、宽8-11厘米, identifer: 1984ⅥM11:7})",[:RelatedArtifacts],(:相关文物 {name: 保罗•辛格藏品b})
"(:器物 {honoraryTitle: 华夏第一爵, material: 绿松石、铜, name: 镶嵌绿松石兽面纹铜牌饰1984ⅥM11:7, description: 长16.5厘米、宽8 - 11厘米。器身以青铜铸出主体框架，呈四角钝圆，略呈亚腰形，两侧各有对称环纽。其上以数百片绿松石拼合镶嵌出兽面纹，加工精巧，丝丝入扣，虽历经三、四千年无一松动脱落。出土时安放在墓主人胸部，从两侧有对称的穿孔钮可见，穿缀系于主人胸前，应作为沟通天、地、神、人等的重要载体。, title: 嵌绿松石饕餮纹铜牌饰、镶嵌绿松石兽面纹铜牌饰, measurement: 长16.5厘米、宽8-11厘米, identifer: 1984ⅥM11:7})",[:RelatedArtifacts],(:相关文物 {name: 四川广汉三星堆高骈出土铜牌饰})
(:器物 {name: 镶嵌绿松石铜牌饰}),[:wasExcavatedin],(:大遗址 {name: 三星堆遗址})
(:器物 {name: 镶嵌绿松石铜牌饰}),[:wasExcavatedin],"(:大遗址 {honoraryTitle: 华夏第一王都、最早的中国, name: 二里头遗址, description: 10个“中国之最”：最早的城市主干道网络、最早的双轮车辙、最早的宫城、最早的中轴线布局的宫室建筑群、最早的多进院落宫室建筑群、最早的国家级祭祀场和祭祀区、最早的青铜器铸造作坊、最早的绿松石器加工作坊、最早的青铜礼器群、最早的青铜兵器。, Title: 二里头遗址, protectionLevel: 全国重点文物保护单位})"
(:器物 {name: 镶嵌绿松石铜牌饰}),[:wasExcavatedin],(:遗迹 {name: 编号为M11的墓葬})
(:器物 {name: 镶嵌绿松石铜牌饰}),[:wasExcavatedby],(:组织机构 {name: 中国社科院考古研究所})
(:遗迹 {name: 编号为M11的墓葬}),[:Belongsto],(:时间 {name: 二里头文化第四期})
(:遗迹 {name: 编号为M11的墓葬}),[:wasExcavatedby],(:组织机构 {name: 中国社科院考古研究所})
(:遗迹 {name: 编号为M11的墓葬}),[:excavated],(:器物 {name: 陶器})
(:遗迹 {name: 编号为M11的墓葬}),[:excavated],(:器物 {name: 铜器})
(:遗迹 {name: 编号为M11的墓葬}),[:excavated],(:器物 {name: 玉器})
(:遗迹 {name: 编号为M11的墓葬}),[:excavated],(:器物 {name: 绿松石管饰})
(:遗迹 {name: 编号为M11的墓葬}),[:excavated],(:器物 {name: 漆盒})
(:器物 {name: 铜牌饰}),[:wasExcavatedin],"(:大遗址 {honoraryTitle: 华夏第一王都、最早的中国, name: 二里头遗址, description: 10个“中国之最”：最早的城市主干道网络、最早的双轮车辙、最早的宫城、最早的中轴线布局的宫室建筑群、最早的多进院落宫室建筑群、最早的国家级祭祀场和祭祀区、最早的青铜器铸造作坊、最早的绿松石器加工作坊、最早的青铜礼器群、最早的青铜兵器。, Title: 二里头遗址, protectionLevel: 全国重点文物保护单位})"
(:器物 {name: 铜牌饰}),[:wasExcavatedin],(:遗迹 {name: 墓葬})
(:器物 {name: 铜牌饰}),[:hasFunction],(:功用 {name: 巫师作法的用具})
(:器物 {name: 铜牌饰}),[:hasFunction],(:功用 {name: 护身符})
(:器物 {name: 铜牌饰}),[:hasFunction],(:功用 {name: 身份标志})
(:器物 {name: 铜牌饰}),[:isRelevantto],(:器物 {name: 铜铃})
(:器物 {name: 镶嵌绿松石器}),[:contains],(:器物 {name: 铜牌饰})
(:器物 {name: 镶嵌绿松石器}),[:contains],(:器物 {name: 镶嵌绿松石圆形器})
(:器物 {name: 镶嵌绿松石器}),[:contains],(:器物 {name: 镶嵌绿松石龙形器})
(:器物 {name: 镶嵌绿松石器}),[:UsedGeneralTechnique],(:工艺技法 {name: 青铜器镶嵌绿松石工艺})
"(:器物 {name: 绿松石龙形器, description: 1.龙头较大，呈椭圆形，而且略微突出于四边梯形框，呈浮雕状；2.龙头两侧旁表现有鬓；3.吻部略突出，吻部两侧旁有前伸的圆弧状凸；4.以3节半圆形青、白玉柱组成鼻梁，并形成额面中脊；5.鼻凸呈蒜头状；6.眼为梭形，有圆睛；7.龙身呈长条波状曲伏；8.龙身以中脊线为中轴有12个依次排列的菱形纹；9.龙尾内蜷；10.龙身中部有实用的铜铃和铃舌。})",[:wasExcavatedin],"(:大遗址 {honoraryTitle: 华夏第一王都、最早的中国, name: 二里头遗址, description: 10个“中国之最”：最早的城市主干道网络、最早的双轮车辙、最早的宫城、最早的中轴线布局的宫室建筑群、最早的多进院落宫室建筑群、最早的国家级祭祀场和祭祀区、最早的青铜器铸造作坊、最早的绿松石器加工作坊、最早的青铜礼器群、最早的青铜兵器。, Title: 二里头遗址, protectionLevel: 全国重点文物保护单位})"
"(:器物 {name: 绿松石龙形器, description: 1.龙头较大，呈椭圆形，而且略微突出于四边梯形框，呈浮雕状；2.龙头两侧旁表现有鬓；3.吻部略突出，吻部两侧旁有前伸的圆弧状凸；4.以3节半圆形青、白玉柱组成鼻梁，并形成额面中脊；5.鼻凸呈蒜头状；6.眼为梭形，有圆睛；7.龙身呈长条波状曲伏；8.龙身以中脊线为中轴有12个依次排列的菱形纹；9.龙尾内蜷；10.龙身中部有实用的铜铃和铃舌。})",[:wasExcavatedin],(:时间 {name: 2002年})
"(:器物 {name: 绿松石龙形器, description: 1.龙头较大，呈椭圆形，而且略微突出于四边梯形框，呈浮雕状；2.龙头两侧旁表现有鬓；3.吻部略突出，吻部两侧旁有前伸的圆弧状凸；4.以3节半圆形青、白玉柱组成鼻梁，并形成额面中脊；5.鼻凸呈蒜头状；6.眼为梭形，有圆睛；7.龙身呈长条波状曲伏；8.龙身以中脊线为中轴有12个依次排列的菱形纹；9.龙尾内蜷；10.龙身中部有实用的铜铃和铃舌。})",[:Belongsto],(:器物 {name: 石器})
"(:器物 {name: 绿松石龙形器, description: 1.龙头较大，呈椭圆形，而且略微突出于四边梯形框，呈浮雕状；2.龙头两侧旁表现有鬓；3.吻部略突出，吻部两侧旁有前伸的圆弧状凸；4.以3节半圆形青、白玉柱组成鼻梁，并形成额面中脊；5.鼻凸呈蒜头状；6.眼为梭形，有圆睛；7.龙身呈长条波状曲伏；8.龙身以中脊线为中轴有12个依次排列的菱形纹；9.龙尾内蜷；10.龙身中部有实用的铜铃和铃舌。})",[:wasExcavatedby],(:人物 {name: 李志鹏})
"(:器物 {name: 绿松石龙形器, description: 1.龙头较大，呈椭圆形，而且略微突出于四边梯形框，呈浮雕状；2.龙头两侧旁表现有鬓；3.吻部略突出，吻部两侧旁有前伸的圆弧状凸；4.以3节半圆形青、白玉柱组成鼻梁，并形成额面中脊；5.鼻凸呈蒜头状；6.眼为梭形，有圆睛；7.龙身呈长条波状曲伏；8.龙身以中脊线为中轴有12个依次排列的菱形纹；9.龙尾内蜷；10.龙身中部有实用的铜铃和铃舌。})",[:isCollectedin],(:组织机构:地点 {name: 中国考古博物馆})
"(:器物 {name: 绿松石龙形器, description: 1.龙头较大，呈椭圆形，而且略微突出于四边梯形框，呈浮雕状；2.龙头两侧旁表现有鬓；3.吻部略突出，吻部两侧旁有前伸的圆弧状凸；4.以3节半圆形青、白玉柱组成鼻梁，并形成额面中脊；5.鼻凸呈蒜头状；6.眼为梭形，有圆睛；7.龙身呈长条波状曲伏；8.龙身以中脊线为中轴有12个依次排列的菱形纹；9.龙尾内蜷；10.龙身中部有实用的铜铃和铃舌。})",[:wasProducedin],(:时间 {name: 夏代})
"(:器物 {name: 绿松石龙形器, description: 1.龙头较大，呈椭圆形，而且略微突出于四边梯形框，呈浮雕状；2.龙头两侧旁表现有鬓；3.吻部略突出，吻部两侧旁有前伸的圆弧状凸；4.以3节半圆形青、白玉柱组成鼻梁，并形成额面中脊；5.鼻凸呈蒜头状；6.眼为梭形，有圆睛；7.龙身呈长条波状曲伏；8.龙身以中脊线为中轴有12个依次排列的菱形纹；9.龙尾内蜷；10.龙身中部有实用的铜铃和铃舌。})",[:measurement],(:尺寸 {name: 长64.5厘米，中部最宽处4厘米})
"(:器物 {name: 绿松石龙形器, description: 1.龙头较大，呈椭圆形，而且略微突出于四边梯形框，呈浮雕状；2.龙头两侧旁表现有鬓；3.吻部略突出，吻部两侧旁有前伸的圆弧状凸；4.以3节半圆形青、白玉柱组成鼻梁，并形成额面中脊；5.鼻凸呈蒜头状；6.眼为梭形，有圆睛；7.龙身呈长条波状曲伏；8.龙身以中脊线为中轴有12个依次排列的菱形纹；9.龙尾内蜷；10.龙身中部有实用的铜铃和铃舌。})",[:honoraryTitle],(:荣誉称号 {name: 华夏第一龙})
"(:器物 {name: 绿松石龙形器, description: 1.龙头较大，呈椭圆形，而且略微突出于四边梯形框，呈浮雕状；2.龙头两侧旁表现有鬓；3.吻部略突出，吻部两侧旁有前伸的圆弧状凸；4.以3节半圆形青、白玉柱组成鼻梁，并形成额面中脊；5.鼻凸呈蒜头状；6.眼为梭形，有圆睛；7.龙身呈长条波状曲伏；8.龙身以中脊线为中轴有12个依次排列的菱形纹；9.龙尾内蜷；10.龙身中部有实用的铜铃和铃舌。})",[:honoraryTitle],(:荣誉称号 {name: 超级国宝})
"(:器物 {name: 绿松石龙形器, description: 1.龙头较大，呈椭圆形，而且略微突出于四边梯形框，呈浮雕状；2.龙头两侧旁表现有鬓；3.吻部略突出，吻部两侧旁有前伸的圆弧状凸；4.以3节半圆形青、白玉柱组成鼻梁，并形成额面中脊；5.鼻凸呈蒜头状；6.眼为梭形，有圆睛；7.龙身呈长条波状曲伏；8.龙身以中脊线为中轴有12个依次排列的菱形纹；9.龙尾内蜷；10.龙身中部有实用的铜铃和铃舌。})",[:RelatedArtifacts],"(:器物 {honoraryTitle: 华夏第一爵, quantity: 1, material: 青铜, color: 青绿色或锈褐色, name: 乳钉纹铜爵, description: 窄长流、尖长尾、束腰、平底、三足，一侧有鋬，腹部一侧有五枚横排乳钉纹，因此得名“乳钉纹铜爵”。, title: 乳钉纹铜爵、乳钉纹青铜爵、夏代乳钉纹铜爵, measurement: 通高22.5厘米，流至尾长31.3厘米，壁厚0.1厘米})"
(:器物 {name: 兽面纹陶片}),[:wasExcavatedin],(:其他遗址 {name: 新砦遗址})
(:器物 {name: 兽面纹陶器盖}),[:wasExcavatedin],(:其他遗址 {name: 新砦遗址})
(:器物 {name: 夏七孔玉刀}),[:wasExcavatedin],"(:大遗址 {honoraryTitle: 华夏第一王都、最早的中国, name: 二里头遗址, description: 10个“中国之最”：最早的城市主干道网络、最早的双轮车辙、最早的宫城、最早的中轴线布局的宫室建筑群、最早的多进院落宫室建筑群、最早的国家级祭祀场和祭祀区、最早的青铜器铸造作坊、最早的绿松石器加工作坊、最早的青铜礼器群、最早的青铜兵器。, Title: 二里头遗址, protectionLevel: 全国重点文物保护单位})"
(:器物 {name: 夏七孔玉刀}),[:Belongsto],(:器物 {name: 玉器})
(:器物 {name: 夏七孔玉刀}),[:Belongsto],(:器物 {name: 多孔玉刀})
(:器物 {name: 夏七孔玉刀}),[:hasFunction],(:功用 {name: 礼器})
(:器物 {name: 夏七孔玉刀}),[:carries],(:图案纹饰 {name: 网状斜线纹})
(:器物 {name: 夏七孔玉刀}),[:wasExcavatedby],(:组织机构 {name: 中国社会科学院考古研究所})
(:器物 {name: 夏七孔玉刀}),[:isCollectedin],(:组织机构 {name: 二里头夏都遗址博物馆})
(:器物 {name: 夏七孔玉刀}),[:wasProducedin],(:器物 {name: 夏中晚期})
(:器物 {name: 夏七孔玉刀}),[:measurement],(:尺寸 {name: 长65厘米，最厚0.4厘米})
(:器物 {name: 夏七孔玉刀}),[:measurement],(:尺寸 {name: 长60.4-65厘米，宽9.5厘米})
(:器物 {name: 网格纹铜鼎}),[:wasExcavatedin],"(:大遗址 {honoraryTitle: 华夏第一王都、最早的中国, name: 二里头遗址, description: 10个“中国之最”：最早的城市主干道网络、最早的双轮车辙、最早的宫城、最早的中轴线布局的宫室建筑群、最早的多进院落宫室建筑群、最早的国家级祭祀场和祭祀区、最早的青铜器铸造作坊、最早的绿松石器加工作坊、最早的青铜礼器群、最早的青铜兵器。, Title: 二里头遗址, protectionLevel: 全国重点文物保护单位})"
(:器物 {name: 网格纹铜鼎}),[:wasExcavatedin],(:时间 {name: 1987年})
(:器物 {name: 网格纹铜鼎}),[:bearsFeature],(:质料 {name: 青铜})
(:器物 {name: 网格纹铜鼎}),[:hasFunction],(:功用 {name: 礼器})
(:器物 {name: 网格纹铜鼎}),[:carries],(:图案纹饰 {name: 带状阳线网格纹})
(:器物 {name: 网格纹铜鼎}),[:wasProducedin],(:时间 {name: 夏代})
(:器物 {name: 网格纹铜鼎}),[:RelatedArtifacts],"(:器物 {honoraryTitle: 华夏第一爵, quantity: 1, material: 青铜, color: 青绿色或锈褐色, name: 乳钉纹铜爵, description: 窄长流、尖长尾、束腰、平底、三足，一侧有鋬，腹部一侧有五枚横排乳钉纹，因此得名“乳钉纹铜爵”。, title: 乳钉纹铜爵、乳钉纹青铜爵、夏代乳钉纹铜爵, measurement: 通高22.5厘米，流至尾长31.3厘米，壁厚0.1厘米})"
(:器物:工艺技法 {name: 骨猴}),[:wasExcavatedin],"(:大遗址 {honoraryTitle: 华夏第一王都、最早的中国, name: 二里头遗址, description: 10个“中国之最”：最早的城市主干道网络、最早的双轮车辙、最早的宫城、最早的中轴线布局的宫室建筑群、最早的多进院落宫室建筑群、最早的国家级祭祀场和祭祀区、最早的青铜器铸造作坊、最早的绿松石器加工作坊、最早的青铜礼器群、最早的青铜兵器。, Title: 二里头遗址, protectionLevel: 全国重点文物保护单位})"
(:器物:工艺技法 {name: 骨猴}),[:wasExcavatedin],(:时间 {name: 2002年})
(:器物:工艺技法 {name: 骨猴}),[:Belongsto],(:工艺技法 {name: 微雕精品})
(:器物:工艺技法 {name: 骨猴}),[:hasFunction],(:器物:功用 {name: 装饰品})
(:器物:工艺技法 {name: 骨猴}),[:hasFunction],(:功用 {name: 装饰功能})
(:器物:工艺技法 {name: 骨猴}),[:hasFunction],(:功用 {name: 玩具功能})
(:器物:工艺技法 {name: 骨猴}),[:UsedGeneralTechnique],(:工艺技法 {name: 打磨抛光})
(:器物:工艺技法 {name: 骨猴}),[:wasProducedin],(:时间 {name: 夏代})
(:器物:工艺技法 {name: 骨猴}),[:material],(:质料 {name: 动物骨骼})
(:器物 {name: 白陶斗笠形器}),[:wasExcavatedin],"(:大遗址 {honoraryTitle: 华夏第一王都、最早的中国, name: 二里头遗址, description: 10个“中国之最”：最早的城市主干道网络、最早的双轮车辙、最早的宫城、最早的中轴线布局的宫室建筑群、最早的多进院落宫室建筑群、最早的国家级祭祀场和祭祀区、最早的青铜器铸造作坊、最早的绿松石器加工作坊、最早的青铜礼器群、最早的青铜兵器。, Title: 二里头遗址, protectionLevel: 全国重点文物保护单位})"
(:器物 {name: 白陶斗笠形器}),[:wasExcavatedin],(:时间 {name: 2002年})
(:器物 {name: 白陶斗笠形器}),[:isCollectedin],(:组织机构 {name: 二里头夏都遗址博物馆})
(:器物 {name: 白陶斗笠形器}),[:wasProducedin],(:时间 {name: 夏朝})
(:器物 {name: 白陶斗笠形器}),[:hasAmount],(:数量 {name: 一组3件})
(:器物 {name: 白陶斗笠形器}),[:measurement],(:尺寸 {name: 直径分别为4.85、5.9、4.8厘米，高分别为2.18、2.85、2.44厘米})
(:器物 {name: 陶鼓形壶}),[:wasExcavatedin],"(:大遗址 {honoraryTitle: 华夏第一王都、最早的中国, name: 二里头遗址, description: 10个“中国之最”：最早的城市主干道网络、最早的双轮车辙、最早的宫城、最早的中轴线布局的宫室建筑群、最早的多进院落宫室建筑群、最早的国家级祭祀场和祭祀区、最早的青铜器铸造作坊、最早的绿松石器加工作坊、最早的青铜礼器群、最早的青铜兵器。, Title: 二里头遗址, protectionLevel: 全国重点文物保护单位})"
(:器物 {name: 陶鼓形壶}),[:wasExcavatedin],(:时间 {name: 1991年})
(:器物 {name: 陶鼓形壶}),[:isCollectedin],(:组织机构 {name: 二里头夏都遗址博物馆})
(:器物 {name: 玉柄形器}),[:wasExcavatedin],"(:大遗址 {honoraryTitle: 华夏第一王都、最早的中国, name: 二里头遗址, description: 10个“中国之最”：最早的城市主干道网络、最早的双轮车辙、最早的宫城、最早的中轴线布局的宫室建筑群、最早的多进院落宫室建筑群、最早的国家级祭祀场和祭祀区、最早的青铜器铸造作坊、最早的绿松石器加工作坊、最早的青铜礼器群、最早的青铜兵器。, Title: 二里头遗址, protectionLevel: 全国重点文物保护单位})"
(:器物 {name: 玉柄形器}),[:wasExcavatedin],(:时间 {name: 2001年})
(:器物 {name: 玉柄形器}),[:UsedGeneralTechnique],(:工艺技法 {name: 减地浮雕})
(:器物 {name: 玉柄形器}),[:UsedGeneralTechnique],(:工艺技法 {name: 抛光})
(:器物 {name: 玉柄形器}),[:isCollectedin],(:组织机构 {name: 二里头夏都遗址博物馆})
(:器物 {name: 镶嵌绿松石玉钺}),[:wasExcavatedin],"(:大遗址 {honoraryTitle: 华夏第一王都、最早的中国, name: 二里头遗址, description: 10个“中国之最”：最早的城市主干道网络、最早的双轮车辙、最早的宫城、最早的中轴线布局的宫室建筑群、最早的多进院落宫室建筑群、最早的国家级祭祀场和祭祀区、最早的青铜器铸造作坊、最早的绿松石器加工作坊、最早的青铜礼器群、最早的青铜兵器。, Title: 二里头遗址, protectionLevel: 全国重点文物保护单位})"
(:器物 {name: 镶嵌绿松石玉钺}),[:wasExcavatedin],(:组织机构 {name: 二里头夏都遗址博物馆})
(:器物 {name: 镶嵌绿松石玉钺}),[:wasExcavatedin],(:时间 {name: 1980年})
(:器物 {name: 镶嵌绿松石玉钺}),[:bearsFeature],(:图案纹饰 {name: 上部有两个穿孔，下孔用圆绿松石嵌平})
(:器物 {name: 镶嵌绿松石玉钺}),[:isCollectedin],(:组织机构 {name: 二里头夏都遗址博物馆})
(:器物 {name: 陶堆塑龙纹透底器}),[:wasExcavatedin],(:时间 {name: 1992年})
(:器物 {name: 陶堆塑龙纹透底器}),[:isCollectedin],(:组织机构 {name: 二里头夏都遗址博物馆})
(:器物 {name: 玉戚壁}),[:wasExcavatedin],"(:大遗址 {honoraryTitle: 华夏第一王都、最早的中国, name: 二里头遗址, description: 10个“中国之最”：最早的城市主干道网络、最早的双轮车辙、最早的宫城、最早的中轴线布局的宫室建筑群、最早的多进院落宫室建筑群、最早的国家级祭祀场和祭祀区、最早的青铜器铸造作坊、最早的绿松石器加工作坊、最早的青铜礼器群、最早的青铜兵器。, Title: 二里头遗址, protectionLevel: 全国重点文物保护单位})"
(:器物 {name: 玉戚壁}),[:Belongsto],(:器物 {name: 玉器})
(:器物 {name: 玉戚壁}),[:hasFunction],(:功用 {name: 礼器})
(:器物 {name: 玉戚壁}),[:isCollectedin],(:组织机构 {name: 二里头夏都遗址博物馆})
(:器物 {name: 玉戚壁}),[:measurement],(:尺寸 {name: 长9.6、宽9.1厘米})
(:器物 {name: 玉戈}),[:wasExcavatedin],"(:大遗址 {honoraryTitle: 华夏第一王都、最早的中国, name: 二里头遗址, description: 10个“中国之最”：最早的城市主干道网络、最早的双轮车辙、最早的宫城、最早的中轴线布局的宫室建筑群、最早的多进院落宫室建筑群、最早的国家级祭祀场和祭祀区、最早的青铜器铸造作坊、最早的绿松石器加工作坊、最早的青铜礼器群、最早的青铜兵器。, Title: 二里头遗址, protectionLevel: 全国重点文物保护单位})"
(:器物 {name: 玉戈}),[:Belongsto],(:器物 {name: 玉器})
(:器物 {name: 玉戈}),[:hasFunction],(:功用 {name: 礼器})
(:器物 {name: 玉戈}),[:carries],(:图案纹饰 {name: 平行细线纹})
(:器物 {name: 玉戈}),[:UsedGeneralTechnique],(:工艺技法 {name: 通体抛光})
(:器物 {name: 玉戈}),[:isCollectedin],(:组织机构 {name: 二里头夏都遗址博物馆})
(:器物 {name: 玉戈}),[:measurement],(:尺寸 {name: 长30.2、宽6.6-6.9厘米})
(:器物 {name: 石钺}),[:wasExcavatedin],(:其他遗址 {name: 八里桥遗址})
(:器物 {name: 石钺}),[:hasFunction],(:功用 {name: 礼器})
(:器物 {name: 石钺}),[:invActivity],(:相关活动 {name: 祭祀})
(:器物 {name: 石钺}),[:measurement],(:尺寸 {name: 长18、宽16.5、厚2.2厘米})
(:器物 {name: 玉圭}),[:wasExcavatedin],"(:大遗址 {honoraryTitle: 华夏第一王都、最早的中国, name: 二里头遗址, description: 10个“中国之最”：最早的城市主干道网络、最早的双轮车辙、最早的宫城、最早的中轴线布局的宫室建筑群、最早的多进院落宫室建筑群、最早的国家级祭祀场和祭祀区、最早的青铜器铸造作坊、最早的绿松石器加工作坊、最早的青铜礼器群、最早的青铜兵器。, Title: 二里头遗址, protectionLevel: 全国重点文物保护单位})"
(:器物 {name: 玉圭}),[:hasFunction],(:功用 {name: 礼器})
(:器物 {name: 玉圭}),[:hasFunction],(:功用 {name: 权利的象征})
(:器物 {name: 玉圭}),[:invActivity],(:相关活动 {name: 分封诸侯})
(:器物 {name: 玉圭}),[:isCollectedin],(:组织机构 {name: 二里头夏都遗址博物馆})
(:器物 {name: 玉圭}),[:isRelevantto],(:器物 {name: 石斧})
(:器物 {name: 铜斝}),[:wasExcavatedin],"(:大遗址 {honoraryTitle: 华夏第一王都、最早的中国, name: 二里头遗址, description: 10个“中国之最”：最早的城市主干道网络、最早的双轮车辙、最早的宫城、最早的中轴线布局的宫室建筑群、最早的多进院落宫室建筑群、最早的国家级祭祀场和祭祀区、最早的青铜器铸造作坊、最早的绿松石器加工作坊、最早的青铜礼器群、最早的青铜兵器。, Title: 二里头遗址, protectionLevel: 全国重点文物保护单位})"
(:器物 {name: 铜斝}),[:hasFunction],(:功用 {name: 礼器})
(:器物 {name: 铜斝}),[:hasFunction],(:功用 {name: 饮酒器})
(:器物 {name: 铜斝}),[:carries],(:图案纹饰 {name: 圆圈纹})
(:器物 {name: 铜斝}),[:isCollectedin],(:组织机构 {name: 二里头夏都遗址博物馆})
(:器物 {name: 陶壶}),[:wasExcavatedin],"(:大遗址 {honoraryTitle: 华夏第一王都、最早的中国, name: 二里头遗址, description: 10个“中国之最”：最早的城市主干道网络、最早的双轮车辙、最早的宫城、最早的中轴线布局的宫室建筑群、最早的多进院落宫室建筑群、最早的国家级祭祀场和祭祀区、最早的青铜器铸造作坊、最早的绿松石器加工作坊、最早的青铜礼器群、最早的青铜兵器。, Title: 二里头遗址, protectionLevel: 全国重点文物保护单位})"
(:器物 {name: 陶壶}),[:wasExcavatedin],(:时间 {name: 1986年})
(:器物 {name: 陶壶}),[:bearsFeature],(:图案纹饰 {name: 小口向外侈，长颈，鼓腹，圈足})
(:器物 {name: 陶壶}),[:carries],(:图案纹饰 {name: 弦纹})
(:器物 {name: 陶壶}),[:carries],(:图案纹饰 {name: 拍印纹饰})
(:器物 {name: 陶壶}),[:UsedGeneralTechnique],(:工艺技法 {name: 通体磨光})
(:器物 {name: 陶壶}),[:isCollectedin],(:组织机构 {name: 二里头夏都遗址博物馆})
(:器物 {name: 铜圆泡形器}),[:wasExcavatedin],"(:大遗址 {honoraryTitle: 华夏第一王都、最早的中国, name: 二里头遗址, description: 10个“中国之最”：最早的城市主干道网络、最早的双轮车辙、最早的宫城、最早的中轴线布局的宫室建筑群、最早的多进院落宫室建筑群、最早的国家级祭祀场和祭祀区、最早的青铜器铸造作坊、最早的绿松石器加工作坊、最早的青铜礼器群、最早的青铜兵器。, Title: 二里头遗址, protectionLevel: 全国重点文物保护单位})"
(:器物 {name: 铜圆泡形器}),[:hasFunction],(:功用 {name: 祭祀所用物品})
(:器物 {name: 铜圆泡形器}),[:isCollectedin],(:组织机构 {name: 二里头夏都遗址博物馆})
(:遗迹 {name: 大型工程遗迹}),[:wasExcavatedin],"(:大遗址 {honoraryTitle: 华夏第一王都、最早的中国, name: 二里头遗址, description: 10个“中国之最”：最早的城市主干道网络、最早的双轮车辙、最早的宫城、最早的中轴线布局的宫室建筑群、最早的多进院落宫室建筑群、最早的国家级祭祀场和祭祀区、最早的青铜器铸造作坊、最早的绿松石器加工作坊、最早的青铜礼器群、最早的青铜兵器。, Title: 二里头遗址, protectionLevel: 全国重点文物保护单位})"
(:遗迹 {name: 大型工程遗迹}),[:contains],(:遗迹 {name: 主干道路网络})
(:遗迹 {name: 大型工程遗迹}),[:contains],(:遗迹 {name: 大规模夯土围设施})
(:遗迹 {name: 大型工程遗迹}),[:contains],(:遗迹 {name: 大型夯土建筑群})
(:遗迹 {name: 大型工程遗迹}),[:contains],(:遗迹 {name: 大型沟渠、坑池类遗迹})
(:遗迹 {name: 其他大型遗迹}),[:contains],(:遗迹 {name: 排水渠})
(:遗迹 {name: 其他大型遗迹}),[:contains],(:遗迹 {name: 池})
(:遗迹 {name: 其他大型遗迹}),[:contains],(:遗迹 {name: 沟状遗迹})
(:遗迹 {name: 其他大型遗迹}),[:contains],(:遗迹 {name: 巨型坑})
(:遗迹 {name: 手工业作坊}),[:wasExcavatedin],"(:大遗址 {honoraryTitle: 华夏第一王都、最早的中国, name: 二里头遗址, description: 10个“中国之最”：最早的城市主干道网络、最早的双轮车辙、最早的宫城、最早的中轴线布局的宫室建筑群、最早的多进院落宫室建筑群、最早的国家级祭祀场和祭祀区、最早的青铜器铸造作坊、最早的绿松石器加工作坊、最早的青铜礼器群、最早的青铜兵器。, Title: 二里头遗址, protectionLevel: 全国重点文物保护单位})"
(:遗迹 {name: 手工业作坊}),[:contains],(:遗迹 {name: 作坊})
(:遗迹 {name: 二里头文化I级墓}),[:contains],(:器物 {name: 青铜礼器})
(:遗迹 {name: 二里头文化I级墓}),[:contains],(:器物 {name: 玉礼器})
(:遗迹 {name: 二里头文化I级墓}),[:contains],(:器物 {name: 陶礼器})
(:遗迹 {name: 二里头文化I级墓}),[:contains],(:器物 {name: 漆礼器})
(:遗迹 {name: II级墓}),[:contains],(:器物 {name: 陶礼器})
(:遗迹 {name: 二里头文化II级以下墓葬}),[:contains],(:器物 {name: 日用陶器})
(:遗迹 {name: 祭祀遗迹}),[:contains],(:遗迹 {name: 遗迹类})
(:遗迹 {name: 祭祀遗迹}),[:contains],(:遗迹 {name: 墓葬类})
(:遗迹 {name: 祭祀遗迹}),[:contains],(:遗迹 {name: 疑似祭祀遗迹类})
(:遗迹 {name: 其他遗迹}),[:wasExcavatedin],"(:大遗址 {honoraryTitle: 华夏第一王都、最早的中国, name: 二里头遗址, description: 10个“中国之最”：最早的城市主干道网络、最早的双轮车辙、最早的宫城、最早的中轴线布局的宫室建筑群、最早的多进院落宫室建筑群、最早的国家级祭祀场和祭祀区、最早的青铜器铸造作坊、最早的绿松石器加工作坊、最早的青铜礼器群、最早的青铜兵器。, Title: 二里头遗址, protectionLevel: 全国重点文物保护单位})"
(:遗迹 {name: 其他遗迹}),[:contains],(:遗迹 {name: 中小型房址（含灶址）})
(:遗迹 {name: 其他遗迹}),[:contains],(:遗迹 {name: 灰沟})
(:遗迹 {name: 其他遗迹}),[:contains],(:遗迹 {name: 水井})
(:遗迹 {name: 其他遗迹}),[:contains],(:遗迹 {name: 灰坑})
(:遗迹 {name: 中小型房址（含灶址）}),[:contains],(:遗迹 {name: 平地起建的小型夯土建筑基址})
(:遗迹 {name: 中小型房址（含灶址）}),[:contains],(:遗迹 {name: 半地穴式建筑})
(:遗迹 {name: 灰沟}),[:hasFunction],(:功用 {name: 一般排水沟})
(:遗迹 {name: 灰沟}),[:hasFunction],(:功用 {name: 取土沟})
(:遗迹 {name: 灰沟}),[:hasFunction],(:功用 {name: 特殊的用途})
(:遗迹 {name: 灰沟}),[:hasFunction],(:功用 {name: 垃圾倾倒处})
(:器物:功用 {name: 炊具}),[:contains],(:器物 {name: 鼎})
(:器物:功用 {name: 炊具}),[:contains],(:器物 {name: 鬲})
(:器物:功用 {name: 炊具}),[:contains],(:器物 {name: 甗})
(:器物:功用 {name: 炊具}),[:contains],(:器物 {name: 甑})
(:器物:功用 {name: 炊具}),[:contains],(:器物 {name: 罐})
(:器物:功用 {name: 食器}),[:contains],(:器物 {name: 三足皿})
(:器物:功用 {name: 食器}),[:contains],(:器物 {name: 豆})
(:器物:功用 {name: 食器}),[:contains],(:器物 {name: 簋})
(:器物:功用 {name: 食器}),[:contains],(:器物 {name: 圈足盘})
(:器物:功用 {name: 酒器}),[:hasType],(:器物 {name: 饮器})
(:器物:功用 {name: 酒器}),[:hasType],(:器物 {name: 斟灌器})
(:器物 {name: 饮器}),[:contains],(:器物 {name: 爵})
(:器物 {name: 饮器}),[:contains],(:器物 {name: 觚})
(:器物 {name: 斟灌器}),[:contains],(:器物 {name: 鬶})
(:器物 {name: 斟灌器}),[:contains],(:器物 {name: 盉})
(:器物:功用 {name: 盛储器}),[:contains],(:器物 {name: 盆})
(:器物:功用 {name: 盛储器}),[:contains],(:器物 {name: 瓮})
(:器物:功用 {name: 盛储器}),[:contains],(:器物 {name: 尊})
(:图案纹饰 {name: 特殊花纹}),[:contains],(:图案纹饰 {name: 龙})
(:图案纹饰 {name: 特殊花纹}),[:contains],(:图案纹饰 {name: 鱼})
(:图案纹饰 {name: 特殊花纹}),[:contains],(:图案纹饰 {name: 兽面})
(:图案纹饰 {name: 特殊花纹}),[:contains],(:图案纹饰 {name: 蛇})
(:图案纹饰 {name: 特殊花纹}),[:contains],(:图案纹饰 {name: 鸟})
(:图案纹饰 {name: 特殊花纹}),[:contains],(:图案纹饰 {name: 蜗料})
(:器物:时间 {name: 二里岗文化晚期}),[:excavated],(:器物 {name: 陶器})
(:器物 {name: 容器}),[:contains],(:器物 {name: 鼎})
(:器物 {name: 容器}),[:contains],(:器物 {name: 盉})
(:器物 {name: 容器}),[:contains],(:器物 {name: 爵})
(:器物 {name: 容器}),[:contains],(:器物 {name: 觚})
(:器物 {name: 容器}),[:contains],(:器物 {name: 角})
(:器物 {name: 容器}),[:contains],(:器物 {name: 斝})
(:器物:功用 {name: 乐器}),[:contains],(:器物 {name: 铜铃})
(:器物:功用 {name: 武器}),[:wasExcavatedin],(:遗迹 {name: 墓葬})
(:器物:功用 {name: 武器}),[:contains],(:器物 {name: 戈})
(:器物:功用 {name: 武器}),[:contains],(:器物 {name: 钺})
(:器物:功用 {name: 武器}),[:contains],(:器物 {name: 戚})
(:器物:功用 {name: 武器}),[:contains],(:器物 {name: 镞})
(:器物 {name: 铜容器}),[:wasExcavatedin],(:遗迹 {name: 墓葬})
(:器物 {name: 铃}),[:wasExcavatedin],(:遗迹 {name: 墓葬})
(:器物 {name: 圆形器}),[:wasExcavatedin],(:遗迹 {name: 墓葬})
(:器物 {name: 礼器和仪仗}),[:contains],(:器物 {name: 牙璋})
(:器物 {name: 礼器和仪仗}),[:contains],(:器物 {name: 戈})
(:器物 {name: 礼器和仪仗}),[:contains],(:器物 {name: 钺})
(:器物 {name: 礼器和仪仗}),[:contains],(:器物 {name: 刀})
(:器物 {name: 礼器和仪仗}),[:contains],(:器物 {name: 璧戚})
(:器物 {name: 礼器和仪仗}),[:contains],(:器物 {name: 琮})
(:器物 {name: 礼器和仪仗}),[:contains],(:器物 {name: 圭})
(:器物 {name: 工具和武器}),[:contains],(:器物 {name: 镞})
(:器物 {name: 工具和武器}),[:contains],(:器物 {name: 凿})
(:器物 {name: 工具和武器}),[:contains],(:器物 {name: 纺轮})
(:器物 {name: 工具和武器}),[:contains],(:器物 {name: 铲})
(:器物 {name: 其他}),[:contains],(:器物 {name: 板})
(:器物 {name: 其他}),[:contains],(:器物 {name: 月牙形器})
(:器物 {name: 其他}),[:contains],(:器物 {name: 铃舌})
(:器物 {name: 其他}),[:contains],(:器物 {name: 圭形器})
(:工艺技法 {name: 锯片切割}),[:wasUsedfor],(:相关活动 {name: 大型玉料开片技术})
(:工艺技法 {name: 阴刻}),[:wasUsedfor],(:相关活动 {name: 玉器表面刻划线条以构成图案纹饰})
(:器物 {name: 石镞}),[:material],(:质料 {name: 安山岩、泥岩})
(:器物 {name: 石锛}),[:material],(:质料 {name: 安山岩})
(:器物 {name: 石铲}),[:material],(:质料 {name: 灰岩})
(:器物 {name: 石铲}),[:material],(:质料 {name: 砂岩})
(:器物 {name: 石斧}),[:wasExcavatedin],(:其他遗址 {name: 八里桥遗址})
(:器物 {name: 石斧}),[:material],(:质料 {name: 辉绿})
(:器物 {name: 石斧}),[:material],(:质料 {name: 安山岩})
(:器物 {name: 石镰}),[:material],(:质料 {name: 英安岩})
(:器物 {name: 石镰}),[:material],(:质料 {name: 安山岩})
(:器物 {name: 石刀}),[:material],(:质料 {name: 片岩})
(:器物 {name: 石刀}),[:material],(:质料 {name: 细粒砂岩})
(:器物 {name: 蚌质类遗物}),[:contains],(:器物 {name: 镰})
(:器物 {name: 蚌质类遗物}),[:contains],(:器物 {name: 镞})
(:器物 {name: 蚌质类遗物}),[:contains],(:器物 {name: 刀})
(:器物 {name: 蚌质类遗物}),[:contains],(:器物 {name: 锥})
(:器物 {name: 蚌质类遗物}),[:contains],(:器物 {name: 锯})
(:器物 {name: 蚌质类遗物}),[:contains],(:器物 {name: 铲})
(:遗迹 {name: 中国最早的双轮车辙使用痕迹}),[:wasExcavatedin],(:时间 {name: 2004年})
(:器物 {name: 蝉形玉器}),[:wasExcavatedin],"(:大遗址 {honoraryTitle: 华夏第一王都、最早的中国, name: 二里头遗址, description: 10个“中国之最”：最早的城市主干道网络、最早的双轮车辙、最早的宫城、最早的中轴线布局的宫室建筑群、最早的多进院落宫室建筑群、最早的国家级祭祀场和祭祀区、最早的青铜器铸造作坊、最早的绿松石器加工作坊、最早的青铜礼器群、最早的青铜兵器。, Title: 二里头遗址, protectionLevel: 全国重点文物保护单位})"
(:时间 {name: 二期}),[:date],(:时间 {name: 公元前1680年至公元前1610年})
(:时间 {name: 三期}),[:date],(:时间 {name: 公元前1610年至公元前1560年})
(:时间 {name: 四期}),[:date],(:时间 {name: 公元前1560年至公元前1520年})
(:组织机构 {name: 二里头夏都遗址博物馆}),[:islocatedin],(:地点 {name: 河南省洛阳市偃师区})
(:人物 {name: 许宏}),[:isSubordinateto],(:组织机构 {name: 中国社会科学院考古研究所})
(:人物 {name: 赵海涛}),[:isSubordinateto],(:组织机构 {name: 中国社会科学院考古研究所})
(:荣誉称号 {name: 百年百大考古发现}),[:date],(:时间 {name: 2021年10月})
(:荣誉称号 {name: 2022年度全国十大考古新发现初评候选项目名单}),[:date],(:时间 {name: 2023年2月3日})
(:遗迹 {name: 二里头遗址宫殿区}),[:Belongsto],"(:大遗址 {honoraryTitle: 华夏第一王都、最早的中国, name: 二里头遗址, description: 10个“中国之最”：最早的城市主干道网络、最早的双轮车辙、最早的宫城、最早的中轴线布局的宫室建筑群、最早的多进院落宫室建筑群、最早的国家级祭祀场和祭祀区、最早的青铜器铸造作坊、最早的绿松石器加工作坊、最早的青铜礼器群、最早的青铜兵器。, Title: 二里头遗址, protectionLevel: 全国重点文物保护单位})"
(:遗迹 {name: 二里头遗址宫殿区}),[:honoraryTitle],(:荣誉称号 {name: 2004年度全国十大考古新发现})
(:荣誉称号 {name: 2004年度全国十大考古新发现}),[:date],(:时间 {name: 2005年04月19日})
(:荣誉称号 {name: 河南考古百年百大考古发现}),[:date],(:时间 {name: 2021年9月})
(:遗迹 {name: 二里头都邑多网格式布局}),[:Belongsto],"(:大遗址 {honoraryTitle: 华夏第一王都、最早的中国, name: 二里头遗址, description: 10个“中国之最”：最早的城市主干道网络、最早的双轮车辙、最早的宫城、最早的中轴线布局的宫室建筑群、最早的多进院落宫室建筑群、最早的国家级祭祀场和祭祀区、最早的青铜器铸造作坊、最早的绿松石器加工作坊、最早的青铜礼器群、最早的青铜兵器。, Title: 二里头遗址, protectionLevel: 全国重点文物保护单位})"
(:遗迹 {name: 二里头都邑多网格式布局}),[:honoraryTitle],(:荣誉称号 {name: 2022年度全国十大考古新发现终评})
(:遗迹 {name: 二里头都邑多网格式布局}),[:honoraryTitle],(:荣誉称号 {name: 2022年度河南五大考古新发现})
(:遗迹 {name: 二里头都邑多网格式布局}),[:honoraryTitle],(:荣誉称号 {name: 2022年度全国十大考古新发现})
(:荣誉称号 {name: 2022年度全国十大考古新发现终评}),[:date],(:时间 {name: 2023年2月27日})
(:荣誉称号 {name: 2022年度河南五大考古新发现}),[:date],(:时间 {name: 2023年3月21日})
(:荣誉称号 {name: 2022年度全国十大考古新发现}),[:date],(:时间 {name: 2023年3月28日})
(:大遗址 {name: 二里头遗}),[:wasDiscoveredby],(:人物 {name: 徐旭生})
(:质料 {name: 纯铜}),[:hasAmount],(:数量 {name: 13件})
(:质料 {name: 锡青铜}),[:hasAmount],(:数量 {name: 31件})
(:质料 {name: 铅锡青铜}),[:hasAmount],(:数量 {name: 36件})
(:质料 {name: 铅青铜}),[:hasAmount],(:数量 {name: 11件})
(:质料 {name: 砷青铜}),[:hasAmount],(:数量 {name: 4件})
(:质料 {name: 铅锡砷青铜}),[:hasAmount],(:数量 {name: 2件})
(:质料 {name: 砷锡青铜}),[:hasAmount],(:数量 {name: 1件})
(:质料 {name: 铅砷青铜}),[:hasAmount],(:数量 {name: 1件})
(:地点 {name: 黑龙江}),[:possessestheRuin],(:大遗址 {name: 渤海国上京龙泉府遗址})
(:地点 {name: 黑龙江}),[:possessestheRuin],(:大遗址 {name: 金上京会宁府遗址})
(:地点 {name: 上海市}),[:possessestheRuin],(:大遗址 {name: 青龙镇遗址})
(:地点 {name: 江苏省}),[:possessestheRuin],(:大遗址 {name: 鸿山墓群})
(:地点 {name: 江苏省}),[:possessestheRuin],(:大遗址 {name: 阖闾城遗址})
(:地点 {name: 江苏省}),[:possessestheRuin],(:大遗址 {name: 徐州汉墓群})
(:地点 {name: 江苏省}),[:possessestheRuin],(:大遗址 {name: 南朝陵墓群})
(:地点 {name: 江苏省}),[:possessestheRuin],(:大遗址 {name: 扬州城遗址})
(:地点 {name: 江苏省}),[:possessestheRuin],(:大遗址 {name: 明故宫遗址})
(:地点 {name: 浙江省}),[:possessestheRuin],(:大遗址 {name: 上山遗址})
(:地点 {name: 浙江省}),[:possessestheRuin],(:大遗址 {name: 河姆渡遗址})
(:地点 {name: 浙江省}),[:possessestheRuin],(:大遗址 {name: 良渚遗址})
(:地点 {name: 浙江省}),[:possessestheRuin],(:大遗址 {name: 安吉古城遗址})
(:地点 {name: 浙江省}),[:possessestheRuin],(:大遗址 {name: 上林湖越窑遗址})
(:地点 {name: 浙江省}),[:possessestheRuin],(:大遗址 {name: 大窑龙泉窑遗址})
(:地点 {name: 浙江省}),[:possessestheRuin],(:大遗址 {name: 临安城遗址})
(:地点 {name: 浙江省}),[:possessestheRuin],(:大遗址 {name: 宋六陵})
(:地点 {name: 安徽省}),[:possessestheRuin],(:大遗址 {name: 凌家滩遗址})
(:地点 {name: 安徽省}),[:possessestheRuin],(:大遗址 {name: 双墩遗址})
(:地点 {name: 安徽省}),[:possessestheRuin],(:大遗址 {name: 禹会村遗址})
(:地点 {name: 安徽省}),[:possessestheRuin],(:大遗址 {name: 寿春城遗址})
(:地点 {name: 安徽省}),[:possessestheRuin],(:大遗址 {name: 大工山-凤凰山铜矿遗址})
(:地点 {name: 安徽省}),[:possessestheRuin],(:大遗址 {name: 明中都遗址})
(:地点 {name: 福建省}),[:possessestheRuin],(:大遗址 {name: 万寿岩遗址})
(:地点 {name: 福建省}),[:possessestheRuin],(:大遗址 {name: 平潭壳丘头遗址群})
(:地点 {name: 福建省}),[:possessestheRuin],(:大遗址 {name: 城村汉城遗址})
(:地点 {name: 福建省}),[:possessestheRuin],(:大遗址 {name: 德化窑遗址})
(:地点 {name: 江西省}),[:possessestheRuin],(:大遗址 {name: 吴城遗址（含筑卫城遗址）})
(:地点 {name: 江西省}),[:possessestheRuin],(:大遗址 {name: 紫金城城址与铁河古墓群（南昌汉代海昏侯墓）})
(:地点 {name: 江西省}),[:possessestheRuin],(:大遗址 {name: 铜岭铜矿遗址})
(:地点 {name: 江西省}),[:possessestheRuin],(:大遗址 {name: 吉州窑遗址})
(:地点 {name: 江西省}),[:possessestheRuin],(:大遗址 {name: 御窑厂窑址（含湖田窑址、高岭瓷土矿遗址）})
(:大遗址 {name: 仰韶村遗址}),[:islocatedin],(:地点 {name: 河南省})
(:大遗址 {name: 仰韶村遗址}),[:islocatedin],(:地点 {name: 三门峡市})
(:大遗址 {name: 仰韶村遗址}),[:wasIn],(:时间 {name: 新石器时代（仰韶文化）})
(:大遗址 {name: 仰韶村遗址}),[:isLocatedin],(:地点 {name: 河南})
(:大遗址 {name: 北阳平遗址}),[:islocatedin],(:地点 {name: 河南省})
(:大遗址 {name: 北阳平遗址}),[:islocatedin],(:地点 {name: 灵宝市})
(:大遗址 {name: 北阳平遗址}),[:wasIn],(:时间 {name: 新石器时代（仰韶文化中晚期）})
(:大遗址 {name: 北阳平遗址}),[:isLocatedin],(:地点 {name: 河南})
(:大遗址 {name: 大河村遗址}),[:islocatedin],(:地点 {name: 河南省})
(:大遗址 {name: 大河村遗址}),[:islocatedin],(:地点 {name: 郑州市})
(:大遗址 {name: 大河村遗址}),[:wasIn],(:时间 {name: 新石器时代（仰韶文化 - 龙山文化）})
(:大遗址 {name: 大河村遗址}),[:isLocatedin],(:地点 {name: 河南})
(:大遗址 {name: 平粮台古城遗址}),[:islocatedin],(:地点 {name: 河南省})
(:大遗址 {name: 平粮台古城遗址}),[:islocatedin],(:地点 {name: 周口市})
(:大遗址 {name: 平粮台古城遗址}),[:wasIn],(:时间 {name: 新石器时代晚期（龙山文化时期）})
(:大遗址 {name: 平粮台古城遗址}),[:isLocatedin],(:地点 {name: 河南})
(:大遗址 {name: 偃师商城遗址}),[:islocatedin],(:地点 {name: 河南省})
(:大遗址 {name: 偃师商城遗址}),[:islocatedin],(:地点 {name: 洛阳市})
(:大遗址 {name: 偃师商城遗址}),[:wasIn],(:时间 {name: 商代早期})
(:大遗址 {name: 偃师商城遗址}),[:isLocatedin],(:地点 {name: 河南})
(:大遗址 {name: 郑州商城遗址}),[:islocatedin],(:地点 {name: 河南省})
(:大遗址 {name: 郑州商城遗址}),[:islocatedin],(:地点 {name: 郑州市})
(:大遗址 {name: 郑州商城遗址}),[:wasIn],(:时间 {name: 商代早期})
(:大遗址 {name: 郑州商城遗址}),[:isLocatedin],(:地点 {name: 河南})
(:大遗址 {name: 小双桥遗址}),[:islocatedin],(:地点 {name: 河南省})
(:大遗址 {name: 小双桥遗址}),[:islocatedin],(:地点 {name: 郑州市})
(:大遗址 {name: 小双桥遗址}),[:wasIn],(:时间 {name: 商代中期})
(:大遗址 {name: 小双桥遗址}),[:isLocatedin],(:地点 {name: 河南})
(:大遗址 {name: 殷墟}),[:islocatedin],(:地点 {name: 河南省})
(:大遗址 {name: 殷墟}),[:islocatedin],(:地点 {name: 安阳市})
(:大遗址 {name: 殷墟}),[:wasIn],(:时间 {name: 商代晚期})
(:大遗址 {name: 殷墟}),[:isLocatedin],(:地点 {name: 河南})
(:大遗址 {name: 郑韩故城}),[:islocatedin],(:地点 {name: 河南省})
(:大遗址 {name: 郑韩故城}),[:islocatedin],(:地点 {name: 新郑市})
(:大遗址 {name: 郑韩故城}),[:wasIn],(:时间 {name: 春秋 - 战国（郑国 - 韩国）})
(:大遗址 {name: 郑韩故城}),[:isLocatedin],(:地点 {name: 河南})
(:大遗址 {name: 汉魏洛阳故城}),[:islocatedin],(:地点 {name: 河南省})
(:大遗址 {name: 汉魏洛阳故城}),[:islocatedin],(:地点 {name: 洛阳市})
(:大遗址 {name: 汉魏洛阳故城}),[:wasIn],(:时间 {name: 东汉 - 曹魏 - 西晋 - 北魏})
(:大遗址 {name: 汉魏洛阳故城}),[:isLocatedin],(:地点 {name: 河南})
(:大遗址 {name: 邙山陵墓群}),[:islocatedin],(:地点 {name: 河南省})
(:大遗址 {name: 邙山陵墓群}),[:islocatedin],(:地点 {name: 洛阳市})
(:大遗址 {name: 邙山陵墓群}),[:wasIn],(:时间 {name: 东周 - 明清})
(:大遗址 {name: 邙山陵墓群}),[:isLocatedin],(:地点 {name: 河南})
(:大遗址 {name: 隋唐洛阳城遗址}),[:islocatedin],(:地点 {name: 河南省})
(:大遗址 {name: 隋唐洛阳城遗址}),[:islocatedin],(:地点 {name: 洛阳市})
(:大遗址 {name: 隋唐洛阳城遗址}),[:wasIn],(:时间 {name: 隋 - 唐 - 五代})
(:大遗址 {name: 隋唐洛阳城遗址}),[:isLocatedin],(:地点 {name: 河南})
(:大遗址 {name: 北宋东京城遗址}),[:islocatedin],(:地点 {name: 河南省})
(:大遗址 {name: 北宋东京城遗址}),[:islocatedin],(:地点 {name: 开封市})
(:大遗址 {name: 北宋东京城遗址}),[:wasIn],(:时间 {name: 北宋})
(:大遗址 {name: 北宋东京城遗址}),[:isLocatedin],(:地点 {name: 河南})
(:大遗址 {name: 宋陵}),[:islocatedin],(:地点 {name: 河南省})
(:大遗址 {name: 宋陵}),[:islocatedin],(:地点 {name: 巩义市})
(:大遗址 {name: 宋陵}),[:wasIn],(:时间 {name: 北宋})
(:大遗址 {name: 宋陵}),[:isLocatedin],(:地点 {name: 河南})
(:大遗址 {name: 清凉寺汝官窑遗址}),[:islocatedin],(:地点 {name: 河南省})
(:大遗址 {name: 清凉寺汝官窑遗址}),[:islocatedin],(:地点 {name: 平顶山市})
(:大遗址 {name: 清凉寺汝官窑遗址}),[:wasIn],(:时间 {name: 北宋})
(:大遗址 {name: 清凉寺汝官窑遗址}),[:isLocatedin],(:地点 {name: 河南})
(:地点 {name: 河南省}),[:possessestheRuin],"(:大遗址 {honoraryTitle: 华夏第一王都、最早的中国, name: 二里头遗址, description: 10个“中国之最”：最早的城市主干道网络、最早的双轮车辙、最早的宫城、最早的中轴线布局的宫室建筑群、最早的多进院落宫室建筑群、最早的国家级祭祀场和祭祀区、最早的青铜器铸造作坊、最早的绿松石器加工作坊、最早的青铜礼器群、最早的青铜兵器。, Title: 二里头遗址, protectionLevel: 全国重点文物保护单位})"
(:地点 {name: 河南省}),[:possessestheRuin],(:大遗址 {name: 仰韶村遗址})
(:地点 {name: 河南省}),[:possessestheRuin],(:大遗址 {name: 北阳平遗址})
(:地点 {name: 河南省}),[:possessestheRuin],(:大遗址 {name: 大河村遗址})
(:地点 {name: 河南省}),[:possessestheRuin],(:大遗址 {name: 平粮台古城遗址})
(:地点 {name: 河南省}),[:possessestheRuin],(:大遗址 {name: 偃师商城遗址})
(:地点 {name: 河南省}),[:possessestheRuin],(:大遗址 {name: 郑州商城遗址})
(:地点 {name: 河南省}),[:possessestheRuin],(:大遗址 {name: 小双桥遗址})
(:地点 {name: 河南省}),[:possessestheRuin],(:大遗址 {name: 殷墟})
(:地点 {name: 河南省}),[:possessestheRuin],(:大遗址 {name: 郑韩故城})
(:地点 {name: 河南省}),[:possessestheRuin],(:大遗址 {name: 汉魏洛阳故城})
(:地点 {name: 河南省}),[:possessestheRuin],(:大遗址 {name: 邙山陵墓群})
(:地点 {name: 河南省}),[:possessestheRuin],(:大遗址 {name: 隋唐洛阳城遗址})
(:地点 {name: 河南省}),[:possessestheRuin],(:大遗址 {name: 北宋东京城遗址})
(:地点 {name: 河南省}),[:possessestheRuin],(:大遗址 {name: 宋陵})
(:地点 {name: 河南省}),[:possessestheRuin],(:大遗址 {name: 清凉寺汝官窑遗址})
(:地点 {name: 新 疆}),[:possessestheRuin],(:大遗址 {name: 吉仁台沟口遗址})
(:地点 {name: 新 疆}),[:possessestheRuin],(:大遗址 {name: 北庭故城遗址})
(:地点 {name: 新 疆}),[:possessestheRuin],(:大遗址 {name: 苏巴什佛寺遗址})
(:地点 {name: 新 疆}),[:possessestheRuin],(:大遗址 {name: 交河故城})
(:地点 {name: 新 疆}),[:possessestheRuin],(:大遗址 {name: 高昌故城})
(:地点 {name: 新 疆}),[:possessestheRuin],(:大遗址 {name: 达勒特古城遗址})
(:地点 {name: 新 疆}),[:possessestheRuin],(:大遗址 {name: 卓尔库特古城遗址})
(:地点 {name: 新 疆}),[:possessestheRuin],(:大遗址 {name: 阔纳协海尔古城遗址})
(:地点 {name: 新 疆}),[:possessestheRuin],(:大遗址 {name: 坎儿井地下水利工程})
(:地点 {name: 三门峡市}),[:islocatedin],(:地点 {name: 河南省})
(:地点 {name: 灵宝市}),[:islocatedin],(:地点 {name: 河南省})
(:地点 {name: 郑州市}),[:islocatedin],(:地点 {name: 河南省})
(:地点 {name: 周口市}),[:islocatedin],(:地点 {name: 河南省})
(:地点 {name: 洛阳市}),[:islocatedin],(:地点 {name: 河南省})
(:地点 {name: 安阳市}),[:islocatedin],(:地点 {name: 河南省})
(:地点 {name: 新郑市}),[:islocatedin],(:地点 {name: 河南省})
(:地点 {name: 开封市}),[:isCollectedin],(:地点 {name: 河南省})
(:地点 {name: 巩义市}),[:islocatedin],(:地点 {name: 河南省})
(:地点 {name: 平顶山市}),[:islocatedin],(:地点 {name: 河南省})
(:遗迹 {name: 灰坑}),[:wasExcavatedin],(:其他遗址 {name: 八里桥遗址})